TimeStamp,TimeStampUtc,ReceivedDateTime,ReceivedDateTimeUtc,Quality,Value,ItemId,DataType,EngineeringUnit
01-Sep-2022 13:24:57.000,01-Sep-2022 18:24:57.000,1/1/0001 12:00:00 AM,1/1/0001 12:00:00 AM,GOOD,58.73312,TIT-WB33001-001/I.PV#Value,System.Single,NOENUM
01-Sep-2022 13:24:58.000,01-Sep-2022 18:24:58.000,1/1/0001 12:00:00 AM,1/1/0001 12:00:00 AM,GOOD,58.66813,TIT-WB33001-001/I.PV#Value,System.Single,NOENUM
01-Sep-2022 13:24:59.000,01-Sep-2022 18:24:59.000,1/1/0001 12:00:00 AM,1/1/0001 12:00:00 AM,GOOD,58.61937,TIT-WB33001-001/I.PV#Value,System.Single,NOENUM
01-Sep-2022 13:25:00.000,01-Sep-2022 18:25:00.000,1/1/0001 12:00:00 AM,1/1/0001 12:00:00 AM,GOOD,58.61125,TIT-WB33001-001/I.PV#Value,System.Single,NOENUM
01-Sep-2022 13:25:01.000,01-Sep-2022 18:25:01.000,1/1/0001 12:00:00 AM,1/1/0001 12:00:00 AM,GOOD,58.57063,TIT-WB33001-001/I.PV#Value,System.Single,NOENUM
01-Sep-2022 13:25:02.000,01-Sep-2022 18:25:02.000,1/1/0001 12:00:00 AM,1/1/0001 12:00:00 AM,GOOD,58.55437,TIT-WB33001-001/I.PV#Value,System.Single,NOENUM
01-Sep-2022 13:25:03.000,01-Sep-2022 18:25:03.000,1/1/0001 12:00:00 AM,1/1/0001 12:00:00 AM,GOOD,58.53812,TIT-WB33001-001/I.PV#Value,System.Single,NOENUM
01-Sep-2022 13:25:07.000,01-Sep-2022 18:25:07.000,1/1/0001 12:00:00 AM,1/1/0001 12:00:00 AM,GOOD,58.54625,TIT-WB33001-001/I.PV#Value,System.Single,NOENUM
01-Sep-2022 13:25:08.000,01-Sep-2022 18:25:08.000,1/1/0001 12:00:00 AM,1/1/0001 12:00:00 AM,GOOD,58.53,TIT-WB33001-001/I.PV#Value,System.Single,NOENUM
01-Sep-2022 13:25:09.000,01-Sep-2022 18:25:09.000,1/1/0001 12:00:00 AM,1/1/0001 12:00:00 AM,GOOD,58.54625,TIT-WB33001-001/I.PV#Value,System.Single,NOENUM
01-Sep-2022 13:25:10.000,01-Sep-2022 18:25:10.000,1/1/0001 12:00:00 AM,1/1/0001 12:00:00 AM,GOOD,58.53812,TIT-WB33001-001/I.PV#Value,System.Single,NOENUM
01-Sep-2022 13:25:11.000,01-Sep-2022 18:25:11.000,1/1/0001 12:00:00 AM,1/1/0001 12:00:00 AM,GOOD,58.48938,TIT-WB33001-001/I.PV#Value,System.Single,NOENUM
01-Sep-2022 13:25:12.000,01-Sep-2022 18:25:12.000,1/1/0001 12:00:00 AM,1/1/0001 12:00:00 AM,GOOD,58.45687,TIT-WB33001-001/I.PV#Value,System.Single,NOENUM
01-Sep-2022 13:25:13.000,01-Sep-2022 18:25:13.000,1/1/0001 12:00:00 AM,1/1/0001 12:00:00 AM,GOOD,58.39188,TIT-WB33001-001/I.PV#Value,System.Single,NOENUM
01-Sep-2022 13:25:14.000,01-Sep-2022 18:25:14.000,1/1/0001 12:00:00 AM,1/1/0001 12:00:00 AM,GOOD,58.31875,TIT-WB33001-001/I.PV#Value,System.Single,NOENUM
01-Sep-2022 13:25:15.000,01-Sep-2022 18:25:15.000,1/1/0001 12:00:00 AM,1/1/0001 12:00:00 AM,GOOD,58.22937,TIT-WB33001-001/I.PV#Value,System.Single,NOENUM
01-Sep-2022 13:25:16.000,01-Sep-2022 18:25:16.000,1/1/0001 12:00:00 AM,1/1/0001 12:00:00 AM,GOOD,58.16438,TIT-WB33001-001/I.PV#Value,System.Single,NOENUM
01-Sep-2022 13:25:17.000,01-Sep-2022 18:25:17.000,1/1/0001 12:00:00 AM,1/1/0001 12:00:00 AM,GOOD,58.13187,TIT-WB33001-001/I.PV#Value,System.Single,NOENUM
01-Sep-2022 13:25:18.000,01-Sep-2022 18:25:18.000,1/1/0001 12:00:00 AM,1/1/0001 12:00:00 AM,GOOD,58.09938,TIT-WB33001-001/I.PV#Value,System.Single,NOENUM
01-Sep-2022 13:25:19.000,01-Sep-2022 18:25:19.000,1/1/0001 12:00:00 AM,1/1/0001 12:00:00 AM,GOOD,58.06688,TIT-WB33001-001/I.PV#Value,System.Single,NOENUM
01-Sep-2022 13:25:20.000,01-Sep-2022 18:25:20.000,1/1/0001 12:00:00 AM,1/1/0001 12:00:00 AM,GOOD,58.0425,TIT-WB33001-001/I.PV#Value,System.Single,NOENUM
01-Sep-2022 13:25:21.000,01-Sep-2022 18:25:21.000,1/1/0001 12:00:00 AM,1/1/0001 12:00:00 AM,GOOD,58.03437,TIT-WB33001-001/I.PV#Value,System.Single,NOENUM
01-Sep-2022 13:25:22.000,01-Sep-2022 18:25:22.000,1/1/0001 12:00:00 AM,1/1/0001 12:00:00 AM,GOOD,58.01812,TIT-WB33001-001/I.PV#Value,System.Single,NOENUM
01-Sep-2022 13:25:23.000,01-Sep-2022 18:25:23.000,1/1/0001 12:00:00 AM,1/1/0001 12:00:00 AM,GOOD,58.00188,TIT-WB33001-001/I.PV#Value,System.Single,NOENUM
01-Sep-2022 13:25:24.000,01-Sep-2022 18:25:24.000,1/1/0001 12:00:00 AM,1/1/0001 12:00:00 AM,GOOD,57.95313,TIT-WB33001-001/I.PV#Value,System.Single,NOENUM
01-Sep-2022 13:25:25.000,01-Sep-2022 18:25:25.000,1/1/0001 12:00:00 AM,1/1/0001 12:00:00 AM,GOOD,57.92062,TIT-WB33001-001/I.PV#Value,System.Single,NOENUM
01-Sep-2022 13:25:26.000,01-Sep-2022 18:25:26.000,1/1/0001 12:00:00 AM,1/1/0001 12:00:00 AM,GOOD,57.89625,TIT-WB33001-001/I.PV#Value,System.Single,NOENUM
01-Sep-2022 13:25:27.000,01-Sep-2022 18:25:27.000,1/1/0001 12:00:00 AM,1/1/0001 12:00:00 AM,GOOD,57.83125,TIT-WB33001-001/I.PV#Value,System.Single,NOENUM
01-Sep-2022 13:25:28.000,01-Sep-2022 18:25:28.000,1/1/0001 12:00:00 AM,1/1/0001 12:00:00 AM,GOOD,57.79063,TIT-WB33001-001/I.PV#Value,System.Single,NOENUM
01-Sep-2022 13:25:29.000,01-Sep-2022 18:25:29.000,1/1/0001 12:00:00 AM,1/1/0001 12:00:00 AM,GOOD,57.75813,TIT-WB33001-001/I.PV#Value,System.Single,NOENUM
01-Sep-2022 13:25:30.000,01-Sep-2022 18:25:30.000,1/1/0001 12:00:00 AM,1/1/0001 12:00:00 AM,GOOD,57.75,TIT-WB33001-001/I.PV#Value,System.Single,NOENUM
01-Sep-2022 13:25:31.000,01-Sep-2022 18:25:31.000,1/1/0001 12:00:00 AM,1/1/0001 12:00:00 AM,GOOD,57.7175,TIT-WB33001-001/I.PV#Value,System.Single,NOENUM
01-Sep-2022 13:25:32.000,01-Sep-2022 18:25:32.000,1/1/0001 12:00:00 AM,1/1/0001 12:00:00 AM,GOOD,57.73375,TIT-WB33001-001/I.PV#Value,System.Single,NOENUM
01-Sep-2022 13:25:34.000,01-Sep-2022 18:25:34.000,1/1/0001 12:00:00 AM,1/1/0001 12:00:00 AM,GOOD,57.74187,TIT-WB33001-001/I.PV#Value,System.Single,NOENUM
01-Sep-2022 13:25:35.000,01-Sep-2022 18:25:35.000,1/1/0001 12:00:00 AM,1/1/0001 12:00:00 AM,GOOD,57.76625,TIT-WB33001-001/I.PV#Value,System.Single,NOENUM
01-Sep-2022 13:25:36.000,01-Sep-2022 18:25:36.000,1/1/0001 12:00:00 AM,1/1/0001 12:00:00 AM,GOOD,57.77438,TIT-WB33001-001/I.PV#Value,System.Single,NOENUM
01-Sep-2022 13:25:37.000,01-Sep-2022 18:25:37.000,1/1/0001 12:00:00 AM,1/1/0001 12:00:00 AM,GOOD,57.79063,TIT-WB33001-001/I.PV#Value,System.Single,NOENUM
01-Sep-2022 13:25:38.000,01-Sep-2022 18:25:38.000,1/1/0001 12:00:00 AM,1/1/0001 12:00:00 AM,GOOD,57.77438,TIT-WB33001-001/I.PV#Value,System.Single,NOENUM
01-Sep-2022 13:25:39.000,01-Sep-2022 18:25:39.000,1/1/0001 12:00:00 AM,1/1/0001 12:00:00 AM,GOOD,57.75813,TIT-WB33001-001/I.PV#Value,System.Single,NOENUM
01-Sep-2022 13:25:40.000,01-Sep-2022 18:25:40.000,1/1/0001 12:00:00 AM,1/1/0001 12:00:00 AM,GOOD,57.73375,TIT-WB33001-001/I.PV#Value,System.Single,NOENUM
01-Sep-2022 13:25:41.000,01-Sep-2022 18:25:41.000,1/1/0001 12:00:00 AM,1/1/0001 12:00:00 AM,GOOD,57.69313,TIT-WB33001-001/I.PV#Value,System.Single,NOENUM
01-Sep-2022 13:25:42.000,01-Sep-2022 18:25:42.000,1/1/0001 12:00:00 AM,1/1/0001 12:00:00 AM,GOOD,57.66063,TIT-WB33001-001/I.PV#Value,System.Single,NOENUM
01-Sep-2022 13:25:43.000,01-Sep-2022 18:25:43.000,1/1/0001 12:00:00 AM,1/1/0001 12:00:00 AM,GOOD,57.64437,TIT-WB33001-001/I.PV#Value,System.Single,NOENUM
01-Sep-2022 13:25:44.000,01-Sep-2022 18:25:44.000,1/1/0001 12:00:00 AM,1/1/0001 12:00:00 AM,GOOD,57.61187,TIT-WB33001-001/I.PV#Value,System.Single,NOENUM
01-Sep-2022 13:25:45.000,01-Sep-2022 18:25:45.000,1/1/0001 12:00:00 AM,1/1/0001 12:00:00 AM,GOOD,57.62,TIT-WB33001-001/I.PV#Value,System.Single,NOENUM
01-Sep-2022 13:25:46.000,01-Sep-2022 18:25:46.000,1/1/0001 12:00:00 AM,1/1/0001 12:00:00 AM,GOOD,57.63625,TIT-WB33001-001/I.PV#Value,System.Single,NOENUM
01-Sep-2022 13:25:47.000,01-Sep-2022 18:25:47.000,1/1/0001 12:00:00 AM,1/1/0001 12:00:00 AM,GOOD,57.6525,TIT-WB33001-001/I.PV#Value,System.Single,NOENUM
01-Sep-2022 13:25:48.000,01-Sep-2022 18:25:48.000,1/1/0001 12:00:00 AM,1/1/0001 12:00:00 AM,GOOD,57.66875,TIT-WB33001-001/I.PV#Value,System.Single,NOENUM
01-Sep-2022 13:25:49.000,01-Sep-2022 18:25:49.000,1/1/0001 12:00:00 AM,1/1/0001 12:00:00 AM,GOOD,57.69313,TIT-WB33001-001/I.PV#Value,System.Single,NOENUM
01-Sep-2022 13:25:50.000,01-Sep-2022 18:25:50.000,1/1/0001 12:00:00 AM,1/1/0001 12:00:00 AM,GOOD,57.73375,TIT-WB33001-001/I.PV#Value,System.Single,NOENUM
01-Sep-2022 13:25:51.000,01-Sep-2022 18:25:51.000,1/1/0001 12:00:00 AM,1/1/0001 12:00:00 AM,GOOD,57.7175,TIT-WB33001-001/I.PV#Value,System.Single,NOENUM
01-Sep-2022 13:25:52.000,01-Sep-2022 18:25:52.000,1/1/0001 12:00:00 AM,1/1/0001 12:00:00 AM,GOOD,57.73375,TIT-WB33001-001/I.PV#Value,System.Single,NOENUM
01-Sep-2022 13:25:53.000,01-Sep-2022 18:25:53.000,1/1/0001 12:00:00 AM,1/1/0001 12:00:00 AM,GOOD,57.70125,TIT-WB33001-001/I.PV#Value,System.Single,NOENUM
01-Sep-2022 13:25:54.000,01-Sep-2022 18:25:54.000,1/1/0001 12:00:00 AM,1/1/0001 12:00:00 AM,GOOD,57.7175,TIT-WB33001-001/I.PV#Value,System.Single,NOENUM
01-Sep-2022 13:25:55.000,01-Sep-2022 18:25:55.000,1/1/0001 12:00:00 AM,1/1/0001 12:00:00 AM,GOOD,57.69313,TIT-WB33001-001/I.PV#Value,System.Single,NOENUM
01-Sep-2022 13:25:56.000,01-Sep-2022 18:25:56.000,1/1/0001 12:00:00 AM,1/1/0001 12:00:00 AM,GOOD,57.67688,TIT-WB33001-001/I.PV#Value,System.Single,NOENUM
01-Sep-2022 13:25:57.000,01-Sep-2022 18:25:57.000,1/1/0001 12:00:00 AM,1/1/0001 12:00:00 AM,GOOD,57.7175,TIT-WB33001-001/I.PV#Value,System.Single,NOENUM
01-Sep-2022 13:25:58.000,01-Sep-2022 18:25:58.000,1/1/0001 12:00:00 AM,1/1/0001 12:00:00 AM,GOOD,57.75,TIT-WB33001-001/I.PV#Value,System.Single,NOENUM
01-Sep-2022 13:25:59.000,01-Sep-2022 18:25:59.000,1/1/0001 12:00:00 AM,1/1/0001 12:00:00 AM,GOOD,57.76625,TIT-WB33001-001/I.PV#Value,System.Single,NOENUM
01-Sep-2022 13:26:00.000,01-Sep-2022 18:26:00.000,1/1/0001 12:00:00 AM,1/1/0001 12:00:00 AM,GOOD,57.79875,TIT-WB33001-001/I.PV#Value,System.Single,NOENUM
01-Sep-2022 13:26:01.000,01-Sep-2022 18:26:01.000,1/1/0001 12:00:00 AM,1/1/0001 12:00:00 AM,GOOD,57.83125,TIT-WB33001-001/I.PV#Value,System.Single,NOENUM
01-Sep-2022 13:26:02.000,01-Sep-2022 18:26:02.000,1/1/0001 12:00:00 AM,1/1/0001 12:00:00 AM,GOOD,57.86375,TIT-WB33001-001/I.PV#Value,System.Single,NOENUM
01-Sep-2022 13:26:03.000,01-Sep-2022 18:26:03.000,1/1/0001 12:00:00 AM,1/1/0001 12:00:00 AM,GOOD,57.90437,TIT-WB33001-001/I.PV#Value,System.Single,NOENUM
01-Sep-2022 13:26:04.000,01-Sep-2022 18:26:04.000,1/1/0001 12:00:00 AM,1/1/0001 12:00:00 AM,GOOD,57.95313,TIT-WB33001-001/I.PV#Value,System.Single,NOENUM
01-Sep-2022 13:26:05.000,01-Sep-2022 18:26:05.000,1/1/0001 12:00:00 AM,1/1/0001 12:00:00 AM,GOOD,57.98563,TIT-WB33001-001/I.PV#Value,System.Single,NOENUM
01-Sep-2022 13:26:06.000,01-Sep-2022 18:26:06.000,1/1/0001 12:00:00 AM,1/1/0001 12:00:00 AM,GOOD,58.01812,TIT-WB33001-001/I.PV#Value,System.Single,NOENUM
01-Sep-2022 13:26:07.000,01-Sep-2022 18:26:07.000,1/1/0001 12:00:00 AM,1/1/0001 12:00:00 AM,GOOD,58.02625,TIT-WB33001-001/I.PV#Value,System.Single,NOENUM
01-Sep-2022 13:26:08.000,01-Sep-2022 18:26:08.000,1/1/0001 12:00:00 AM,1/1/0001 12:00:00 AM,GOOD,58.0425,TIT-WB33001-001/I.PV#Value,System.Single,NOENUM
01-Sep-2022 13:26:09.000,01-Sep-2022 18:26:09.000,1/1/0001 12:00:00 AM,1/1/0001 12:00:00 AM,GOOD,58.02625,TIT-WB33001-001/I.PV#Value,System.Single,NOENUM
01-Sep-2022 13:26:11.000,01-Sep-2022 18:26:11.000,1/1/0001 12:00:00 AM,1/1/0001 12:00:00 AM,GOOD,58.00188,TIT-WB33001-001/I.PV#Value,System.Single,NOENUM
01-Sep-2022 13:26:12.000,01-Sep-2022 18:26:12.000,1/1/0001 12:00:00 AM,1/1/0001 12:00:00 AM,GOOD,57.9775,TIT-WB33001-001/I.PV#Value,System.Single,NOENUM
01-Sep-2022 13:26:13.000,01-Sep-2022 18:26:13.000,1/1/0001 12:00:00 AM,1/1/0001 12:00:00 AM,GOOD,58.01812,TIT-WB33001-001/I.PV#Value,System.Single,NOENUM
01-Sep-2022 13:26:14.000,01-Sep-2022 18:26:14.000,1/1/0001 12:00:00 AM,1/1/0001 12:00:00 AM,GOOD,58.02625,TIT-WB33001-001/I.PV#Value,System.Single,NOENUM
01-Sep-2022 13:26:15.000,01-Sep-2022 18:26:15.000,1/1/0001 12:00:00 AM,1/1/0001 12:00:00 AM,GOOD,58.06688,TIT-WB33001-001/I.PV#Value,System.Single,NOENUM
01-Sep-2022 13:26:16.000,01-Sep-2022 18:26:16.000,1/1/0001 12:00:00 AM,1/1/0001 12:00:00 AM,GOOD,58.09938,TIT-WB33001-001/I.PV#Value,System.Single,NOENUM
01-Sep-2022 13:26:17.000,01-Sep-2022 18:26:17.000,1/1/0001 12:00:00 AM,1/1/0001 12:00:00 AM,GOOD,58.13187,TIT-WB33001-001/I.PV#Value,System.Single,NOENUM
01-Sep-2022 13:26:18.000,01-Sep-2022 18:26:18.000,1/1/0001 12:00:00 AM,1/1/0001 12:00:00 AM,GOOD,58.1725,TIT-WB33001-001/I.PV#Value,System.Single,NOENUM
01-Sep-2022 13:26:19.000,01-Sep-2022 18:26:19.000,1/1/0001 12:00:00 AM,1/1/0001 12:00:00 AM,GOOD,58.18063,TIT-WB33001-001/I.PV#Value,System.Single,NOENUM
01-Sep-2022 13:26:20.000,01-Sep-2022 18:26:20.000,1/1/0001 12:00:00 AM,1/1/0001 12:00:00 AM,GOOD,58.18875,TIT-WB33001-001/I.PV#Value,System.Single,NOENUM
01-Sep-2022 13:26:21.000,01-Sep-2022 18:26:21.000,1/1/0001 12:00:00 AM,1/1/0001 12:00:00 AM,GOOD,58.18063,TIT-WB33001-001/I.PV#Value,System.Single,NOENUM
01-Sep-2022 13:26:22.000,01-Sep-2022 18:26:22.000,1/1/0001 12:00:00 AM,1/1/0001 12:00:00 AM,GOOD,58.15625,TIT-WB33001-001/I.PV#Value,System.Single,NOENUM
01-Sep-2022 13:26:24.000,01-Sep-2022 18:26:24.000,1/1/0001 12:00:00 AM,1/1/0001 12:00:00 AM,GOOD,58.14812,TIT-WB33001-001/I.PV#Value,System.Single,NOENUM
01-Sep-2022 13:26:25.000,01-Sep-2022 18:26:25.000,1/1/0001 12:00:00 AM,1/1/0001 12:00:00 AM,GOOD,58.18063,TIT-WB33001-001/I.PV#Value,System.Single,NOENUM
01-Sep-2022 13:26:26.000,01-Sep-2022 18:26:26.000,1/1/0001 12:00:00 AM,1/1/0001 12:00:00 AM,GOOD,58.2375,TIT-WB33001-001/I.PV#Value,System.Single,NOENUM
01-Sep-2022 13:26:27.000,01-Sep-2022 18:26:27.000,1/1/0001 12:00:00 AM,1/1/0001 12:00:00 AM,GOOD,58.32687,TIT-WB33001-001/I.PV#Value,System.Single,NOENUM
01-Sep-2022 13:26:28.000,01-Sep-2022 18:26:28.000,1/1/0001 12:00:00 AM,1/1/0001 12:00:00 AM,GOOD,58.4,TIT-WB33001-001/I.PV#Value,System.Single,NOENUM
01-Sep-2022 13:26:29.000,01-Sep-2022 18:26:29.000,1/1/0001 12:00:00 AM,1/1/0001 12:00:00 AM,GOOD,58.50563,TIT-WB33001-001/I.PV#Value,System.Single,NOENUM
01-Sep-2022 13:26:30.000,01-Sep-2022 18:26:30.000,1/1/0001 12:00:00 AM,1/1/0001 12:00:00 AM,GOOD,58.61937,TIT-WB33001-001/I.PV#Value,System.Single,NOENUM
01-Sep-2022 13:26:31.000,01-Sep-2022 18:26:31.000,1/1/0001 12:00:00 AM,1/1/0001 12:00:00 AM,GOOD,58.66813,TIT-WB33001-001/I.PV#Value,System.Single,NOENUM
01-Sep-2022 13:26:32.000,01-Sep-2022 18:26:32.000,1/1/0001 12:00:00 AM,1/1/0001 12:00:00 AM,GOOD,58.7575,TIT-WB33001-001/I.PV#Value,System.Single,NOENUM
01-Sep-2022 13:26:33.000,01-Sep-2022 18:26:33.000,1/1/0001 12:00:00 AM,1/1/0001 12:00:00 AM,GOOD,58.84687,TIT-WB33001-001/I.PV#Value,System.Single,NOENUM
01-Sep-2022 13:26:34.000,01-Sep-2022 18:26:34.000,1/1/0001 12:00:00 AM,1/1/0001 12:00:00 AM,GOOD,58.92,TIT-WB33001-001/I.PV#Value,System.Single,NOENUM
01-Sep-2022 13:26:35.000,01-Sep-2022 18:26:35.000,1/1/0001 12:00:00 AM,1/1/0001 12:00:00 AM,GOOD,58.96062,TIT-WB33001-001/I.PV#Value,System.Single,NOENUM
01-Sep-2022 13:26:36.000,01-Sep-2022 18:26:36.000,1/1/0001 12:00:00 AM,1/1/0001 12:00:00 AM,GOOD,59.0175,TIT-WB33001-001/I.PV#Value,System.Single,NOENUM
01-Sep-2022 13:26:37.000,01-Sep-2022 18:26:37.000,1/1/0001 12:00:00 AM,1/1/0001 12:00:00 AM,GOOD,59.05812,TIT-WB33001-001/I.PV#Value,System.Single,NOENUM
01-Sep-2022 13:26:38.000,01-Sep-2022 18:26:38.000,1/1/0001 12:00:00 AM,1/1/0001 12:00:00 AM,GOOD,59.09875,TIT-WB33001-001/I.PV#Value,System.Single,NOENUM
01-Sep-2022 13:26:39.000,01-Sep-2022 18:26:39.000,1/1/0001 12:00:00 AM,1/1/0001 12:00:00 AM,GOOD,59.16375,TIT-WB33001-001/I.PV#Value,System.Single,NOENUM
01-Sep-2022 13:26:40.000,01-Sep-2022 18:26:40.000,1/1/0001 12:00:00 AM,1/1/0001 12:00:00 AM,GOOD,59.20438,TIT-WB33001-001/I.PV#Value,System.Single,NOENUM
01-Sep-2022 13:26:41.000,01-Sep-2022 18:26:41.000,1/1/0001 12:00:00 AM,1/1/0001 12:00:00 AM,GOOD,59.2775,TIT-WB33001-001/I.PV#Value,System.Single,NOENUM
01-Sep-2022 13:26:42.000,01-Sep-2022 18:26:42.000,1/1/0001 12:00:00 AM,1/1/0001 12:00:00 AM,GOOD,59.35875,TIT-WB33001-001/I.PV#Value,System.Single,NOENUM
01-Sep-2022 13:26:43.000,01-Sep-2022 18:26:43.000,1/1/0001 12:00:00 AM,1/1/0001 12:00:00 AM,GOOD,59.41563,TIT-WB33001-001/I.PV#Value,System.Single,NOENUM
01-Sep-2022 13:26:44.000,01-Sep-2022 18:26:44.000,1/1/0001 12:00:00 AM,1/1/0001 12:00:00 AM,GOOD,59.44812,TIT-WB33001-001/I.PV#Value,System.Single,NOENUM
01-Sep-2022 13:26:45.000,01-Sep-2022 18:26:45.000,1/1/0001 12:00:00 AM,1/1/0001 12:00:00 AM,GOOD,59.48875,TIT-WB33001-001/I.PV#Value,System.Single,NOENUM
01-Sep-2022 13:26:46.000,01-Sep-2022 18:26:46.000,1/1/0001 12:00:00 AM,1/1/0001 12:00:00 AM,GOOD,59.54562,TIT-WB33001-001/I.PV#Value,System.Single,NOENUM
01-Sep-2022 13:26:47.000,01-Sep-2022 18:26:47.000,1/1/0001 12:00:00 AM,1/1/0001 12:00:00 AM,GOOD,59.61063,TIT-WB33001-001/I.PV#Value,System.Single,NOENUM
01-Sep-2022 13:26:48.000,01-Sep-2022 18:26:48.000,1/1/0001 12:00:00 AM,1/1/0001 12:00:00 AM,GOOD,59.635,TIT-WB33001-001/I.PV#Value,System.Single,NOENUM
01-Sep-2022 13:26:49.000,01-Sep-2022 18:26:49.000,1/1/0001 12:00:00 AM,1/1/0001 12:00:00 AM,GOOD,59.65937,TIT-WB33001-001/I.PV#Value,System.Single,NOENUM
01-Sep-2022 13:26:50.000,01-Sep-2022 18:26:50.000,1/1/0001 12:00:00 AM,1/1/0001 12:00:00 AM,GOOD,59.69188,TIT-WB33001-001/I.PV#Value,System.Single,NOENUM
01-Sep-2022 13:26:51.000,01-Sep-2022 18:26:51.000,1/1/0001 12:00:00 AM,1/1/0001 12:00:00 AM,GOOD,59.72438,TIT-WB33001-001/I.PV#Value,System.Single,NOENUM
01-Sep-2022 13:26:52.000,01-Sep-2022 18:26:52.000,1/1/0001 12:00:00 AM,1/1/0001 12:00:00 AM,GOOD,59.74062,TIT-WB33001-001/I.PV#Value,System.Single,NOENUM
01-Sep-2022 13:26:53.000,01-Sep-2022 18:26:53.000,1/1/0001 12:00:00 AM,1/1/0001 12:00:00 AM,GOOD,59.7325,TIT-WB33001-001/I.PV#Value,System.Single,NOENUM
01-Sep-2022 13:26:54.000,01-Sep-2022 18:26:54.000,1/1/0001 12:00:00 AM,1/1/0001 12:00:00 AM,GOOD,59.78125,TIT-WB33001-001/I.PV#Value,System.Single,NOENUM
01-Sep-2022 13:26:55.000,01-Sep-2022 18:26:55.000,1/1/0001 12:00:00 AM,1/1/0001 12:00:00 AM,GOOD,59.78938,TIT-WB33001-001/I.PV#Value,System.Single,NOENUM
01-Sep-2022 13:26:56.000,01-Sep-2022 18:26:56.000,1/1/0001 12:00:00 AM,1/1/0001 12:00:00 AM,GOOD,59.7975,TIT-WB33001-001/I.PV#Value,System.Single,NOENUM
01-Sep-2022 13:26:58.000,01-Sep-2022 18:26:58.000,1/1/0001 12:00:00 AM,1/1/0001 12:00:00 AM,GOOD,59.78125,TIT-WB33001-001/I.PV#Value,System.Single,NOENUM
01-Sep-2022 13:26:59.000,01-Sep-2022 18:26:59.000,1/1/0001 12:00:00 AM,1/1/0001 12:00:00 AM,GOOD,59.74062,TIT-WB33001-001/I.PV#Value,System.Single,NOENUM
01-Sep-2022 13:27:01.000,01-Sep-2022 18:27:01.000,1/1/0001 12:00:00 AM,1/1/0001 12:00:00 AM,GOOD,59.70813,TIT-WB33001-001/I.PV#Value,System.Single,NOENUM
01-Sep-2022 13:27:02.000,01-Sep-2022 18:27:02.000,1/1/0001 12:00:00 AM,1/1/0001 12:00:00 AM,GOOD,59.68375,TIT-WB33001-001/I.PV#Value,System.Single,NOENUM
01-Sep-2022 13:27:03.000,01-Sep-2022 18:27:03.000,1/1/0001 12:00:00 AM,1/1/0001 12:00:00 AM,GOOD,59.6675,TIT-WB33001-001/I.PV#Value,System.Single,NOENUM
01-Sep-2022 13:27:04.000,01-Sep-2022 18:27:04.000,1/1/0001 12:00:00 AM,1/1/0001 12:00:00 AM,GOOD,59.635,TIT-WB33001-001/I.PV#Value,System.Single,NOENUM
01-Sep-2022 13:27:05.000,01-Sep-2022 18:27:05.000,1/1/0001 12:00:00 AM,1/1/0001 12:00:00 AM,GOOD,59.62688,TIT-WB33001-001/I.PV#Value,System.Single,NOENUM
01-Sep-2022 13:27:06.000,01-Sep-2022 18:27:06.000,1/1/0001 12:00:00 AM,1/1/0001 12:00:00 AM,GOOD,59.58625,TIT-WB33001-001/I.PV#Value,System.Single,NOENUM
01-Sep-2022 13:27:07.000,01-Sep-2022 18:27:07.000,1/1/0001 12:00:00 AM,1/1/0001 12:00:00 AM,GOOD,59.57,TIT-WB33001-001/I.PV#Value,System.Single,NOENUM
01-Sep-2022 13:27:08.000,01-Sep-2022 18:27:08.000,1/1/0001 12:00:00 AM,1/1/0001 12:00:00 AM,GOOD,59.54562,TIT-WB33001-001/I.PV#Value,System.Single,NOENUM
01-Sep-2022 13:27:09.000,01-Sep-2022 18:27:09.000,1/1/0001 12:00:00 AM,1/1/0001 12:00:00 AM,GOOD,59.51313,TIT-WB33001-001/I.PV#Value,System.Single,NOENUM
01-Sep-2022 13:27:10.000,01-Sep-2022 18:27:10.000,1/1/0001 12:00:00 AM,1/1/0001 12:00:00 AM,GOOD,59.52937,TIT-WB33001-001/I.PV#Value,System.Single,NOENUM
01-Sep-2022 13:27:11.000,01-Sep-2022 18:27:11.000,1/1/0001 12:00:00 AM,1/1/0001 12:00:00 AM,GOOD,59.5375,TIT-WB33001-001/I.PV#Value,System.Single,NOENUM
01-Sep-2022 13:27:12.000,01-Sep-2022 18:27:12.000,1/1/0001 12:00:00 AM,1/1/0001 12:00:00 AM,GOOD,59.56187,TIT-WB33001-001/I.PV#Value,System.Single,NOENUM
01-Sep-2022 13:27:13.000,01-Sep-2022 18:27:13.000,1/1/0001 12:00:00 AM,1/1/0001 12:00:00 AM,GOOD,59.58625,TIT-WB33001-001/I.PV#Value,System.Single,NOENUM
01-Sep-2022 13:27:14.000,01-Sep-2022 18:27:14.000,1/1/0001 12:00:00 AM,1/1/0001 12:00:00 AM,GOOD,59.61063,TIT-WB33001-001/I.PV#Value,System.Single,NOENUM
01-Sep-2022 13:27:15.000,01-Sep-2022 18:27:15.000,1/1/0001 12:00:00 AM,1/1/0001 12:00:00 AM,GOOD,59.62688,TIT-WB33001-001/I.PV#Value,System.Single,NOENUM
01-Sep-2022 13:27:17.000,01-Sep-2022 18:27:17.000,1/1/0001 12:00:00 AM,1/1/0001 12:00:00 AM,GOOD,59.6025,TIT-WB33001-001/I.PV#Value,System.Single,NOENUM
01-Sep-2022 13:27:18.000,01-Sep-2022 18:27:18.000,1/1/0001 12:00:00 AM,1/1/0001 12:00:00 AM,GOOD,59.59438,TIT-WB33001-001/I.PV#Value,System.Single,NOENUM
01-Sep-2022 13:27:19.000,01-Sep-2022 18:27:19.000,1/1/0001 12:00:00 AM,1/1/0001 12:00:00 AM,GOOD,59.58625,TIT-WB33001-001/I.PV#Value,System.Single,NOENUM
01-Sep-2022 13:27:20.000,01-Sep-2022 18:27:20.000,1/1/0001 12:00:00 AM,1/1/0001 12:00:00 AM,GOOD,59.57813,TIT-WB33001-001/I.PV#Value,System.Single,NOENUM
01-Sep-2022 13:27:21.000,01-Sep-2022 18:27:21.000,1/1/0001 12:00:00 AM,1/1/0001 12:00:00 AM,GOOD,59.57,TIT-WB33001-001/I.PV#Value,System.Single,NOENUM
01-Sep-2022 13:27:22.000,01-Sep-2022 18:27:22.000,1/1/0001 12:00:00 AM,1/1/0001 12:00:00 AM,GOOD,59.57813,TIT-WB33001-001/I.PV#Value,System.Single,NOENUM
01-Sep-2022 13:27:23.000,01-Sep-2022 18:27:23.000,1/1/0001 12:00:00 AM,1/1/0001 12:00:00 AM,GOOD,59.57,TIT-WB33001-001/I.PV#Value,System.Single,NOENUM
01-Sep-2022 13:27:24.000,01-Sep-2022 18:27:24.000,1/1/0001 12:00:00 AM,1/1/0001 12:00:00 AM,GOOD,59.59438,TIT-WB33001-001/I.PV#Value,System.Single,NOENUM
01-Sep-2022 13:27:25.000,01-Sep-2022 18:27:25.000,1/1/0001 12:00:00 AM,1/1/0001 12:00:00 AM,GOOD,59.6025,TIT-WB33001-001/I.PV#Value,System.Single,NOENUM
01-Sep-2022 13:27:26.000,01-Sep-2022 18:27:26.000,1/1/0001 12:00:00 AM,1/1/0001 12:00:00 AM,GOOD,59.58625,TIT-WB33001-001/I.PV#Value,System.Single,NOENUM
01-Sep-2022 13:27:27.000,01-Sep-2022 18:27:27.000,1/1/0001 12:00:00 AM,1/1/0001 12:00:00 AM,GOOD,59.62688,TIT-WB33001-001/I.PV#Value,System.Single,NOENUM
01-Sep-2022 13:27:28.000,01-Sep-2022 18:27:28.000,1/1/0001 12:00:00 AM,1/1/0001 12:00:00 AM,GOOD,59.64312,TIT-WB33001-001/I.PV#Value,System.Single,NOENUM
01-Sep-2022 13:27:29.000,01-Sep-2022 18:27:29.000,1/1/0001 12:00:00 AM,1/1/0001 12:00:00 AM,GOOD,59.65125,TIT-WB33001-001/I.PV#Value,System.Single,NOENUM
01-Sep-2022 13:27:30.000,01-Sep-2022 18:27:30.000,1/1/0001 12:00:00 AM,1/1/0001 12:00:00 AM,GOOD,59.64312,TIT-WB33001-001/I.PV#Value,System.Single,NOENUM
01-Sep-2022 13:27:32.000,01-Sep-2022 18:27:32.000,1/1/0001 12:00:00 AM,1/1/0001 12:00:00 AM,GOOD,59.62688,TIT-WB33001-001/I.PV#Value,System.Single,NOENUM
01-Sep-2022 13:27:33.000,01-Sep-2022 18:27:33.000,1/1/0001 12:00:00 AM,1/1/0001 12:00:00 AM,GOOD,59.635,TIT-WB33001-001/I.PV#Value,System.Single,NOENUM
01-Sep-2022 13:27:34.000,01-Sep-2022 18:27:34.000,1/1/0001 12:00:00 AM,1/1/0001 12:00:00 AM,GOOD,59.62688,TIT-WB33001-001/I.PV#Value,System.Single,NOENUM
01-Sep-2022 13:27:35.000,01-Sep-2022 18:27:35.000,1/1/0001 12:00:00 AM,1/1/0001 12:00:00 AM,GOOD,59.64312,TIT-WB33001-001/I.PV#Value,System.Single,NOENUM
01-Sep-2022 13:27:36.000,01-Sep-2022 18:27:36.000,1/1/0001 12:00:00 AM,1/1/0001 12:00:00 AM,GOOD,59.68375,TIT-WB33001-001/I.PV#Value,System.Single,NOENUM
01-Sep-2022 13:27:37.000,01-Sep-2022 18:27:37.000,1/1/0001 12:00:00 AM,1/1/0001 12:00:00 AM,GOOD,59.7,TIT-WB33001-001/I.PV#Value,System.Single,NOENUM
01-Sep-2022 13:27:38.000,01-Sep-2022 18:27:38.000,1/1/0001 12:00:00 AM,1/1/0001 12:00:00 AM,GOOD,59.72438,TIT-WB33001-001/I.PV#Value,System.Single,NOENUM
01-Sep-2022 13:27:39.000,01-Sep-2022 18:27:39.000,1/1/0001 12:00:00 AM,1/1/0001 12:00:00 AM,GOOD,59.74062,TIT-WB33001-001/I.PV#Value,System.Single,NOENUM
01-Sep-2022 13:27:40.000,01-Sep-2022 18:27:40.000,1/1/0001 12:00:00 AM,1/1/0001 12:00:00 AM,GOOD,59.77312,TIT-WB33001-001/I.PV#Value,System.Single,NOENUM
01-Sep-2022 13:27:42.000,01-Sep-2022 18:27:42.000,1/1/0001 12:00:00 AM,1/1/0001 12:00:00 AM,GOOD,59.765,TIT-WB33001-001/I.PV#Value,System.Single,NOENUM
01-Sep-2022 13:27:43.000,01-Sep-2022 18:27:43.000,1/1/0001 12:00:00 AM,1/1/0001 12:00:00 AM,GOOD,59.74875,TIT-WB33001-001/I.PV#Value,System.Single,NOENUM
01-Sep-2022 13:27:44.000,01-Sep-2022 18:27:44.000,1/1/0001 12:00:00 AM,1/1/0001 12:00:00 AM,GOOD,59.71625,TIT-WB33001-001/I.PV#Value,System.Single,NOENUM
01-Sep-2022 13:27:46.000,01-Sep-2022 18:27:46.000,1/1/0001 12:00:00 AM,1/1/0001 12:00:00 AM,GOOD,59.7,TIT-WB33001-001/I.PV#Value,System.Single,NOENUM
01-Sep-2022 13:27:47.000,01-Sep-2022 18:27:47.000,1/1/0001 12:00:00 AM,1/1/0001 12:00:00 AM,GOOD,59.7325,TIT-WB33001-001/I.PV#Value,System.Single,NOENUM
01-Sep-2022 13:27:48.000,01-Sep-2022 18:27:48.000,1/1/0001 12:00:00 AM,1/1/0001 12:00:00 AM,GOOD,59.77312,TIT-WB33001-001/I.PV#Value,System.Single,NOENUM
01-Sep-2022 13:27:49.000,01-Sep-2022 18:27:49.000,1/1/0001 12:00:00 AM,1/1/0001 12:00:00 AM,GOOD,59.82188,TIT-WB33001-001/I.PV#Value,System.Single,NOENUM
01-Sep-2022 13:27:50.000,01-Sep-2022 18:27:50.000,1/1/0001 12:00:00 AM,1/1/0001 12:00:00 AM,GOOD,59.95187,TIT-WB33001-001/I.PV#Value,System.Single,NOENUM
01-Sep-2022 13:27:51.000,01-Sep-2022 18:27:51.000,1/1/0001 12:00:00 AM,1/1/0001 12:00:00 AM,GOOD,60.01688,TIT-WB33001-001/I.PV#Value,System.Single,NOENUM
01-Sep-2022 13:27:52.000,01-Sep-2022 18:27:52.000,1/1/0001 12:00:00 AM,1/1/0001 12:00:00 AM,GOOD,60.0575,TIT-WB33001-001/I.PV#Value,System.Single,NOENUM
01-Sep-2022 13:27:53.000,01-Sep-2022 18:27:53.000,1/1/0001 12:00:00 AM,1/1/0001 12:00:00 AM,GOOD,60.10625,TIT-WB33001-001/I.PV#Value,System.Single,NOENUM
01-Sep-2022 13:27:54.000,01-Sep-2022 18:27:54.000,1/1/0001 12:00:00 AM,1/1/0001 12:00:00 AM,GOOD,60.16312,TIT-WB33001-001/I.PV#Value,System.Single,NOENUM
01-Sep-2022 13:27:55.000,01-Sep-2022 18:27:55.000,1/1/0001 12:00:00 AM,1/1/0001 12:00:00 AM,GOOD,60.20375,TIT-WB33001-001/I.PV#Value,System.Single,NOENUM
01-Sep-2022 13:27:56.000,01-Sep-2022 18:27:56.000,1/1/0001 12:00:00 AM,1/1/0001 12:00:00 AM,GOOD,60.26062,TIT-WB33001-001/I.PV#Value,System.Single,NOENUM
01-Sep-2022 13:27:57.000,01-Sep-2022 18:27:57.000,1/1/0001 12:00:00 AM,1/1/0001 12:00:00 AM,GOOD,60.34187,TIT-WB33001-001/I.PV#Value,System.Single,NOENUM
01-Sep-2022 13:27:58.000,01-Sep-2022 18:27:58.000,1/1/0001 12:00:00 AM,1/1/0001 12:00:00 AM,GOOD,60.39875,TIT-WB33001-001/I.PV#Value,System.Single,NOENUM
01-Sep-2022 13:27:59.000,01-Sep-2022 18:27:59.000,1/1/0001 12:00:00 AM,1/1/0001 12:00:00 AM,GOOD,60.45562,TIT-WB33001-001/I.PV#Value,System.Single,NOENUM
01-Sep-2022 13:28:00.000,01-Sep-2022 18:28:00.000,1/1/0001 12:00:00 AM,1/1/0001 12:00:00 AM,GOOD,60.53688,TIT-WB33001-001/I.PV#Value,System.Single,NOENUM
01-Sep-2022 13:28:01.000,01-Sep-2022 18:28:01.000,1/1/0001 12:00:00 AM,1/1/0001 12:00:00 AM,GOOD,60.59375,TIT-WB33001-001/I.PV#Value,System.Single,NOENUM
01-Sep-2022 13:28:02.000,01-Sep-2022 18:28:02.000,1/1/0001 12:00:00 AM,1/1/0001 12:00:00 AM,GOOD,60.65062,TIT-WB33001-001/I.PV#Value,System.Single,NOENUM
01-Sep-2022 13:28:03.000,01-Sep-2022 18:28:03.000,1/1/0001 12:00:00 AM,1/1/0001 12:00:00 AM,GOOD,60.68312,TIT-WB33001-001/I.PV#Value,System.Single,NOENUM
01-Sep-2022 13:28:04.000,01-Sep-2022 18:28:04.000,1/1/0001 12:00:00 AM,1/1/0001 12:00:00 AM,GOOD,60.71563,TIT-WB33001-001/I.PV#Value,System.Single,NOENUM
01-Sep-2022 13:28:05.000,01-Sep-2022 18:28:05.000,1/1/0001 12:00:00 AM,1/1/0001 12:00:00 AM,GOOD,60.75625,TIT-WB33001-001/I.PV#Value,System.Single,NOENUM
01-Sep-2022 13:28:06.000,01-Sep-2022 18:28:06.000,1/1/0001 12:00:00 AM,1/1/0001 12:00:00 AM,GOOD,60.78062,TIT-WB33001-001/I.PV#Value,System.Single,NOENUM
01-Sep-2022 13:28:07.000,01-Sep-2022 18:28:07.000,1/1/0001 12:00:00 AM,1/1/0001 12:00:00 AM,GOOD,60.81313,TIT-WB33001-001/I.PV#Value,System.Single,NOENUM
01-Sep-2022 13:28:08.000,01-Sep-2022 18:28:08.000,1/1/0001 12:00:00 AM,1/1/0001 12:00:00 AM,GOOD,60.82938,TIT-WB33001-001/I.PV#Value,System.Single,NOENUM
01-Sep-2022 13:28:09.000,01-Sep-2022 18:28:09.000,1/1/0001 12:00:00 AM,1/1/0001 12:00:00 AM,GOOD,60.86187,TIT-WB33001-001/I.PV#Value,System.Single,NOENUM
01-Sep-2022 13:28:10.000,01-Sep-2022 18:28:10.000,1/1/0001 12:00:00 AM,1/1/0001 12:00:00 AM,GOOD,60.87812,TIT-WB33001-001/I.PV#Value,System.Single,NOENUM
01-Sep-2022 13:28:11.000,01-Sep-2022 18:28:11.000,1/1/0001 12:00:00 AM,1/1/0001 12:00:00 AM,GOOD,60.9025,TIT-WB33001-001/I.PV#Value,System.Single,NOENUM
01-Sep-2022 13:28:12.000,01-Sep-2022 18:28:12.000,1/1/0001 12:00:00 AM,1/1/0001 12:00:00 AM,GOOD,60.92688,TIT-WB33001-001/I.PV#Value,System.Single,NOENUM
01-Sep-2022 13:28:13.000,01-Sep-2022 18:28:13.000,1/1/0001 12:00:00 AM,1/1/0001 12:00:00 AM,GOOD,60.935,TIT-WB33001-001/I.PV#Value,System.Single,NOENUM
01-Sep-2022 13:28:14.000,01-Sep-2022 18:28:14.000,1/1/0001 12:00:00 AM,1/1/0001 12:00:00 AM,GOOD,60.94313,TIT-WB33001-001/I.PV#Value,System.Single,NOENUM
01-Sep-2022 13:28:15.000,01-Sep-2022 18:28:15.000,1/1/0001 12:00:00 AM,1/1/0001 12:00:00 AM,GOOD,60.95125,TIT-WB33001-001/I.PV#Value,System.Single,NOENUM
01-Sep-2022 13:28:16.000,01-Sep-2022 18:28:16.000,1/1/0001 12:00:00 AM,1/1/0001 12:00:00 AM,GOOD,60.9675,TIT-WB33001-001/I.PV#Value,System.Single,NOENUM
01-Sep-2022 13:28:17.000,01-Sep-2022 18:28:17.000,1/1/0001 12:00:00 AM,1/1/0001 12:00:00 AM,GOOD,60.97562,TIT-WB33001-001/I.PV#Value,System.Single,NOENUM
01-Sep-2022 13:28:18.000,01-Sep-2022 18:28:18.000,1/1/0001 12:00:00 AM,1/1/0001 12:00:00 AM,GOOD,61.00813,TIT-WB33001-001/I.PV#Value,System.Single,NOENUM
01-Sep-2022 13:28:19.000,01-Sep-2022 18:28:19.000,1/1/0001 12:00:00 AM,1/1/0001 12:00:00 AM,GOOD,61.04063,TIT-WB33001-001/I.PV#Value,System.Single,NOENUM
01-Sep-2022 13:28:20.000,01-Sep-2022 18:28:20.000,1/1/0001 12:00:00 AM,1/1/0001 12:00:00 AM,GOOD,61.12188,TIT-WB33001-001/I.PV#Value,System.Single,NOENUM
01-Sep-2022 13:28:21.000,01-Sep-2022 18:28:21.000,1/1/0001 12:00:00 AM,1/1/0001 12:00:00 AM,GOOD,61.21938,TIT-WB33001-001/I.PV#Value,System.Single,NOENUM
01-Sep-2022 13:28:22.000,01-Sep-2022 18:28:22.000,1/1/0001 12:00:00 AM,1/1/0001 12:00:00 AM,GOOD,61.2925,TIT-WB33001-001/I.PV#Value,System.Single,NOENUM
01-Sep-2022 13:28:23.000,01-Sep-2022 18:28:23.000,1/1/0001 12:00:00 AM,1/1/0001 12:00:00 AM,GOOD,61.34938,TIT-WB33001-001/I.PV#Value,System.Single,NOENUM
01-Sep-2022 13:28:24.000,01-Sep-2022 18:28:24.000,1/1/0001 12:00:00 AM,1/1/0001 12:00:00 AM,GOOD,61.44688,TIT-WB33001-001/I.PV#Value,System.Single,NOENUM
01-Sep-2022 13:28:25.000,01-Sep-2022 18:28:25.000,1/1/0001 12:00:00 AM,1/1/0001 12:00:00 AM,GOOD,61.455,TIT-WB33001-001/I.PV#Value,System.Single,NOENUM
01-Sep-2022 13:28:26.000,01-Sep-2022 18:28:26.000,1/1/0001 12:00:00 AM,1/1/0001 12:00:00 AM,GOOD,61.47125,TIT-WB33001-001/I.PV#Value,System.Single,NOENUM
01-Sep-2022 13:28:27.000,01-Sep-2022 18:28:27.000,1/1/0001 12:00:00 AM,1/1/0001 12:00:00 AM,GOOD,61.4875,TIT-WB33001-001/I.PV#Value,System.Single,NOENUM
01-Sep-2022 13:28:29.000,01-Sep-2022 18:28:29.000,1/1/0001 12:00:00 AM,1/1/0001 12:00:00 AM,GOOD,61.47937,TIT-WB33001-001/I.PV#Value,System.Single,NOENUM
01-Sep-2022 13:28:30.000,01-Sep-2022 18:28:30.000,1/1/0001 12:00:00 AM,1/1/0001 12:00:00 AM,GOOD,61.43875,TIT-WB33001-001/I.PV#Value,System.Single,NOENUM
01-Sep-2022 13:28:31.000,01-Sep-2022 18:28:31.000,1/1/0001 12:00:00 AM,1/1/0001 12:00:00 AM,GOOD,61.47125,TIT-WB33001-001/I.PV#Value,System.Single,NOENUM
01-Sep-2022 13:28:32.000,01-Sep-2022 18:28:32.000,1/1/0001 12:00:00 AM,1/1/0001 12:00:00 AM,GOOD,61.46312,TIT-WB33001-001/I.PV#Value,System.Single,NOENUM
01-Sep-2022 13:28:33.000,01-Sep-2022 18:28:33.000,1/1/0001 12:00:00 AM,1/1/0001 12:00:00 AM,GOOD,61.4875,TIT-WB33001-001/I.PV#Value,System.Single,NOENUM
01-Sep-2022 13:28:34.000,01-Sep-2022 18:28:34.000,1/1/0001 12:00:00 AM,1/1/0001 12:00:00 AM,GOOD,61.51188,TIT-WB33001-001/I.PV#Value,System.Single,NOENUM
01-Sep-2022 13:28:35.000,01-Sep-2022 18:28:35.000,1/1/0001 12:00:00 AM,1/1/0001 12:00:00 AM,GOOD,61.5525,TIT-WB33001-001/I.PV#Value,System.Single,NOENUM
01-Sep-2022 13:28:36.000,01-Sep-2022 18:28:36.000,1/1/0001 12:00:00 AM,1/1/0001 12:00:00 AM,GOOD,61.56875,TIT-WB33001-001/I.PV#Value,System.Single,NOENUM
01-Sep-2022 13:28:37.000,01-Sep-2022 18:28:37.000,1/1/0001 12:00:00 AM,1/1/0001 12:00:00 AM,GOOD,61.6175,TIT-WB33001-001/I.PV#Value,System.Single,NOENUM
01-Sep-2022 13:28:39.000,01-Sep-2022 18:28:39.000,1/1/0001 12:00:00 AM,1/1/0001 12:00:00 AM,GOOD,61.60938,TIT-WB33001-001/I.PV#Value,System.Single,NOENUM
01-Sep-2022 13:28:41.000,01-Sep-2022 18:28:41.000,1/1/0001 12:00:00 AM,1/1/0001 12:00:00 AM,GOOD,61.57687,TIT-WB33001-001/I.PV#Value,System.Single,NOENUM
01-Sep-2022 13:28:42.000,01-Sep-2022 18:28:42.000,1/1/0001 12:00:00 AM,1/1/0001 12:00:00 AM,GOOD,61.56062,TIT-WB33001-001/I.PV#Value,System.Single,NOENUM
01-Sep-2022 13:28:43.000,01-Sep-2022 18:28:43.000,1/1/0001 12:00:00 AM,1/1/0001 12:00:00 AM,GOOD,61.53625,TIT-WB33001-001/I.PV#Value,System.Single,NOENUM
01-Sep-2022 13:28:44.000,01-Sep-2022 18:28:44.000,1/1/0001 12:00:00 AM,1/1/0001 12:00:00 AM,GOOD,61.52813,TIT-WB33001-001/I.PV#Value,System.Single,NOENUM
01-Sep-2022 13:28:45.000,01-Sep-2022 18:28:45.000,1/1/0001 12:00:00 AM,1/1/0001 12:00:00 AM,GOOD,61.51188,TIT-WB33001-001/I.PV#Value,System.Single,NOENUM
01-Sep-2022 13:28:49.000,01-Sep-2022 18:28:49.000,1/1/0001 12:00:00 AM,1/1/0001 12:00:00 AM,GOOD,61.52813,TIT-WB33001-001/I.PV#Value,System.Single,NOENUM
01-Sep-2022 13:28:50.000,01-Sep-2022 18:28:50.000,1/1/0001 12:00:00 AM,1/1/0001 12:00:00 AM,GOOD,61.54438,TIT-WB33001-001/I.PV#Value,System.Single,NOENUM
01-Sep-2022 13:28:51.000,01-Sep-2022 18:28:51.000,1/1/0001 12:00:00 AM,1/1/0001 12:00:00 AM,GOOD,61.56875,TIT-WB33001-001/I.PV#Value,System.Single,NOENUM
01-Sep-2022 13:28:52.000,01-Sep-2022 18:28:52.000,1/1/0001 12:00:00 AM,1/1/0001 12:00:00 AM,GOOD,61.585,TIT-WB33001-001/I.PV#Value,System.Single,NOENUM
01-Sep-2022 13:28:53.000,01-Sep-2022 18:28:53.000,1/1/0001 12:00:00 AM,1/1/0001 12:00:00 AM,GOOD,61.56875,TIT-WB33001-001/I.PV#Value,System.Single,NOENUM
01-Sep-2022 13:28:55.000,01-Sep-2022 18:28:55.000,1/1/0001 12:00:00 AM,1/1/0001 12:00:00 AM,GOOD,61.52813,TIT-WB33001-001/I.PV#Value,System.Single,NOENUM
01-Sep-2022 13:28:56.000,01-Sep-2022 18:28:56.000,1/1/0001 12:00:00 AM,1/1/0001 12:00:00 AM,GOOD,61.4875,TIT-WB33001-001/I.PV#Value,System.Single,NOENUM
01-Sep-2022 13:28:57.000,01-Sep-2022 18:28:57.000,1/1/0001 12:00:00 AM,1/1/0001 12:00:00 AM,GOOD,61.46312,TIT-WB33001-001/I.PV#Value,System.Single,NOENUM
01-Sep-2022 13:28:58.000,01-Sep-2022 18:28:58.000,1/1/0001 12:00:00 AM,1/1/0001 12:00:00 AM,GOOD,61.4225,TIT-WB33001-001/I.PV#Value,System.Single,NOENUM
01-Sep-2022 13:28:59.000,01-Sep-2022 18:28:59.000,1/1/0001 12:00:00 AM,1/1/0001 12:00:00 AM,GOOD,61.39812,TIT-WB33001-001/I.PV#Value,System.Single,NOENUM
01-Sep-2022 13:29:00.000,01-Sep-2022 18:29:00.000,1/1/0001 12:00:00 AM,1/1/0001 12:00:00 AM,GOOD,61.34125,TIT-WB33001-001/I.PV#Value,System.Single,NOENUM
01-Sep-2022 13:29:01.000,01-Sep-2022 18:29:01.000,1/1/0001 12:00:00 AM,1/1/0001 12:00:00 AM,GOOD,61.325,TIT-WB33001-001/I.PV#Value,System.Single,NOENUM
01-Sep-2022 13:29:02.000,01-Sep-2022 18:29:02.000,1/1/0001 12:00:00 AM,1/1/0001 12:00:00 AM,GOOD,61.30875,TIT-WB33001-001/I.PV#Value,System.Single,NOENUM
01-Sep-2022 13:29:03.000,01-Sep-2022 18:29:03.000,1/1/0001 12:00:00 AM,1/1/0001 12:00:00 AM,GOOD,61.30062,TIT-WB33001-001/I.PV#Value,System.Single,NOENUM
01-Sep-2022 13:29:04.000,01-Sep-2022 18:29:04.000,1/1/0001 12:00:00 AM,1/1/0001 12:00:00 AM,GOOD,61.30875,TIT-WB33001-001/I.PV#Value,System.Single,NOENUM
01-Sep-2022 13:29:06.000,01-Sep-2022 18:29:06.000,1/1/0001 12:00:00 AM,1/1/0001 12:00:00 AM,GOOD,61.325,TIT-WB33001-001/I.PV#Value,System.Single,NOENUM
01-Sep-2022 13:29:07.000,01-Sep-2022 18:29:07.000,1/1/0001 12:00:00 AM,1/1/0001 12:00:00 AM,GOOD,61.30062,TIT-WB33001-001/I.PV#Value,System.Single,NOENUM
01-Sep-2022 13:29:08.000,01-Sep-2022 18:29:08.000,1/1/0001 12:00:00 AM,1/1/0001 12:00:00 AM,GOOD,61.2925,TIT-WB33001-001/I.PV#Value,System.Single,NOENUM
01-Sep-2022 13:29:09.000,01-Sep-2022 18:29:09.000,1/1/0001 12:00:00 AM,1/1/0001 12:00:00 AM,GOOD,61.26812,TIT-WB33001-001/I.PV#Value,System.Single,NOENUM
01-Sep-2022 13:29:10.000,01-Sep-2022 18:29:10.000,1/1/0001 12:00:00 AM,1/1/0001 12:00:00 AM,GOOD,61.2275,TIT-WB33001-001/I.PV#Value,System.Single,NOENUM
01-Sep-2022 13:29:11.000,01-Sep-2022 18:29:11.000,1/1/0001 12:00:00 AM,1/1/0001 12:00:00 AM,GOOD,61.24375,TIT-WB33001-001/I.PV#Value,System.Single,NOENUM
01-Sep-2022 13:29:12.000,01-Sep-2022 18:29:12.000,1/1/0001 12:00:00 AM,1/1/0001 12:00:00 AM,GOOD,61.195,TIT-WB33001-001/I.PV#Value,System.Single,NOENUM
01-Sep-2022 13:29:13.000,01-Sep-2022 18:29:13.000,1/1/0001 12:00:00 AM,1/1/0001 12:00:00 AM,GOOD,61.17875,TIT-WB33001-001/I.PV#Value,System.Single,NOENUM
01-Sep-2022 13:29:16.000,01-Sep-2022 18:29:16.000,1/1/0001 12:00:00 AM,1/1/0001 12:00:00 AM,GOOD,61.17062,TIT-WB33001-001/I.PV#Value,System.Single,NOENUM
01-Sep-2022 13:29:17.000,01-Sep-2022 18:29:17.000,1/1/0001 12:00:00 AM,1/1/0001 12:00:00 AM,GOOD,61.195,TIT-WB33001-001/I.PV#Value,System.Single,NOENUM
01-Sep-2022 13:29:18.000,01-Sep-2022 18:29:18.000,1/1/0001 12:00:00 AM,1/1/0001 12:00:00 AM,GOOD,61.17875,TIT-WB33001-001/I.PV#Value,System.Single,NOENUM
01-Sep-2022 13:29:19.000,01-Sep-2022 18:29:19.000,1/1/0001 12:00:00 AM,1/1/0001 12:00:00 AM,GOOD,61.18687,TIT-WB33001-001/I.PV#Value,System.Single,NOENUM
01-Sep-2022 13:29:20.000,01-Sep-2022 18:29:20.000,1/1/0001 12:00:00 AM,1/1/0001 12:00:00 AM,GOOD,61.195,TIT-WB33001-001/I.PV#Value,System.Single,NOENUM
01-Sep-2022 13:29:21.000,01-Sep-2022 18:29:21.000,1/1/0001 12:00:00 AM,1/1/0001 12:00:00 AM,GOOD,61.18687,TIT-WB33001-001/I.PV#Value,System.Single,NOENUM
01-Sep-2022 13:29:22.000,01-Sep-2022 18:29:22.000,1/1/0001 12:00:00 AM,1/1/0001 12:00:00 AM,GOOD,61.17062,TIT-WB33001-001/I.PV#Value,System.Single,NOENUM
01-Sep-2022 13:29:23.000,01-Sep-2022 18:29:23.000,1/1/0001 12:00:00 AM,1/1/0001 12:00:00 AM,GOOD,61.15437,TIT-WB33001-001/I.PV#Value,System.Single,NOENUM
01-Sep-2022 13:29:24.000,01-Sep-2022 18:29:24.000,1/1/0001 12:00:00 AM,1/1/0001 12:00:00 AM,GOOD,61.10563,TIT-WB33001-001/I.PV#Value,System.Single,NOENUM
01-Sep-2022 13:29:25.000,01-Sep-2022 18:29:25.000,1/1/0001 12:00:00 AM,1/1/0001 12:00:00 AM,GOOD,61.08125,TIT-WB33001-001/I.PV#Value,System.Single,NOENUM
01-Sep-2022 13:29:26.000,01-Sep-2022 18:29:26.000,1/1/0001 12:00:00 AM,1/1/0001 12:00:00 AM,GOOD,61.04875,TIT-WB33001-001/I.PV#Value,System.Single,NOENUM
01-Sep-2022 13:29:27.000,01-Sep-2022 18:29:27.000,1/1/0001 12:00:00 AM,1/1/0001 12:00:00 AM,GOOD,61,TIT-WB33001-001/I.PV#Value,System.Single,NOENUM
01-Sep-2022 13:29:28.000,01-Sep-2022 18:29:28.000,1/1/0001 12:00:00 AM,1/1/0001 12:00:00 AM,GOOD,61.04063,TIT-WB33001-001/I.PV#Value,System.Single,NOENUM
01-Sep-2022 13:29:29.000,01-Sep-2022 18:29:29.000,1/1/0001 12:00:00 AM,1/1/0001 12:00:00 AM,GOOD,61.02438,TIT-WB33001-001/I.PV#Value,System.Single,NOENUM
01-Sep-2022 13:29:30.000,01-Sep-2022 18:29:30.000,1/1/0001 12:00:00 AM,1/1/0001 12:00:00 AM,GOOD,61.04063,TIT-WB33001-001/I.PV#Value,System.Single,NOENUM
01-Sep-2022 13:29:31.000,01-Sep-2022 18:29:31.000,1/1/0001 12:00:00 AM,1/1/0001 12:00:00 AM,GOOD,61.04875,TIT-WB33001-001/I.PV#Value,System.Single,NOENUM
01-Sep-2022 13:29:32.000,01-Sep-2022 18:29:32.000,1/1/0001 12:00:00 AM,1/1/0001 12:00:00 AM,GOOD,61.065,TIT-WB33001-001/I.PV#Value,System.Single,NOENUM
01-Sep-2022 13:29:33.000,01-Sep-2022 18:29:33.000,1/1/0001 12:00:00 AM,1/1/0001 12:00:00 AM,GOOD,61.07312,TIT-WB33001-001/I.PV#Value,System.Single,NOENUM
01-Sep-2022 13:29:34.000,01-Sep-2022 18:29:34.000,1/1/0001 12:00:00 AM,1/1/0001 12:00:00 AM,GOOD,61.08937,TIT-WB33001-001/I.PV#Value,System.Single,NOENUM
01-Sep-2022 13:29:35.000,01-Sep-2022 18:29:35.000,1/1/0001 12:00:00 AM,1/1/0001 12:00:00 AM,GOOD,61.08125,TIT-WB33001-001/I.PV#Value,System.Single,NOENUM
01-Sep-2022 13:29:36.000,01-Sep-2022 18:29:36.000,1/1/0001 12:00:00 AM,1/1/0001 12:00:00 AM,GOOD,61.05687,TIT-WB33001-001/I.PV#Value,System.Single,NOENUM
01-Sep-2022 13:29:37.000,01-Sep-2022 18:29:37.000,1/1/0001 12:00:00 AM,1/1/0001 12:00:00 AM,GOOD,61.04063,TIT-WB33001-001/I.PV#Value,System.Single,NOENUM
01-Sep-2022 13:29:38.000,01-Sep-2022 18:29:38.000,1/1/0001 12:00:00 AM,1/1/0001 12:00:00 AM,GOOD,60.99187,TIT-WB33001-001/I.PV#Value,System.Single,NOENUM
01-Sep-2022 13:29:39.000,01-Sep-2022 18:29:39.000,1/1/0001 12:00:00 AM,1/1/0001 12:00:00 AM,GOOD,60.91063,TIT-WB33001-001/I.PV#Value,System.Single,NOENUM
01-Sep-2022 13:29:40.000,01-Sep-2022 18:29:40.000,1/1/0001 12:00:00 AM,1/1/0001 12:00:00 AM,GOOD,60.7725,TIT-WB33001-001/I.PV#Value,System.Single,NOENUM
01-Sep-2022 13:29:41.000,01-Sep-2022 18:29:41.000,1/1/0001 12:00:00 AM,1/1/0001 12:00:00 AM,GOOD,60.6425,TIT-WB33001-001/I.PV#Value,System.Single,NOENUM
01-Sep-2022 13:29:42.000,01-Sep-2022 18:29:42.000,1/1/0001 12:00:00 AM,1/1/0001 12:00:00 AM,GOOD,60.62625,TIT-WB33001-001/I.PV#Value,System.Single,NOENUM
01-Sep-2022 13:29:43.000,01-Sep-2022 18:29:43.000,1/1/0001 12:00:00 AM,1/1/0001 12:00:00 AM,GOOD,60.58562,TIT-WB33001-001/I.PV#Value,System.Single,NOENUM
01-Sep-2022 13:29:44.000,01-Sep-2022 18:29:44.000,1/1/0001 12:00:00 AM,1/1/0001 12:00:00 AM,GOOD,60.61813,TIT-WB33001-001/I.PV#Value,System.Single,NOENUM
01-Sep-2022 13:29:45.000,01-Sep-2022 18:29:45.000,1/1/0001 12:00:00 AM,1/1/0001 12:00:00 AM,GOOD,60.59375,TIT-WB33001-001/I.PV#Value,System.Single,NOENUM
01-Sep-2022 13:29:47.000,01-Sep-2022 18:29:47.000,1/1/0001 12:00:00 AM,1/1/0001 12:00:00 AM,GOOD,60.5775,TIT-WB33001-001/I.PV#Value,System.Single,NOENUM
01-Sep-2022 13:29:48.000,01-Sep-2022 18:29:48.000,1/1/0001 12:00:00 AM,1/1/0001 12:00:00 AM,GOOD,60.58562,TIT-WB33001-001/I.PV#Value,System.Single,NOENUM
01-Sep-2022 13:29:49.000,01-Sep-2022 18:29:49.000,1/1/0001 12:00:00 AM,1/1/0001 12:00:00 AM,GOOD,60.55312,TIT-WB33001-001/I.PV#Value,System.Single,NOENUM
01-Sep-2022 13:29:50.000,01-Sep-2022 18:29:50.000,1/1/0001 12:00:00 AM,1/1/0001 12:00:00 AM,GOOD,60.52875,TIT-WB33001-001/I.PV#Value,System.Single,NOENUM
01-Sep-2022 13:29:51.000,01-Sep-2022 18:29:51.000,1/1/0001 12:00:00 AM,1/1/0001 12:00:00 AM,GOOD,60.5125,TIT-WB33001-001/I.PV#Value,System.Single,NOENUM
01-Sep-2022 13:29:52.000,01-Sep-2022 18:29:52.000,1/1/0001 12:00:00 AM,1/1/0001 12:00:00 AM,GOOD,60.50438,TIT-WB33001-001/I.PV#Value,System.Single,NOENUM
01-Sep-2022 13:29:53.000,01-Sep-2022 18:29:53.000,1/1/0001 12:00:00 AM,1/1/0001 12:00:00 AM,GOOD,60.48,TIT-WB33001-001/I.PV#Value,System.Single,NOENUM
01-Sep-2022 13:29:54.000,01-Sep-2022 18:29:54.000,1/1/0001 12:00:00 AM,1/1/0001 12:00:00 AM,GOOD,60.46375,TIT-WB33001-001/I.PV#Value,System.Single,NOENUM
01-Sep-2022 13:29:55.000,01-Sep-2022 18:29:55.000,1/1/0001 12:00:00 AM,1/1/0001 12:00:00 AM,GOOD,60.43938,TIT-WB33001-001/I.PV#Value,System.Single,NOENUM
01-Sep-2022 13:29:56.000,01-Sep-2022 18:29:56.000,1/1/0001 12:00:00 AM,1/1/0001 12:00:00 AM,GOOD,60.45562,TIT-WB33001-001/I.PV#Value,System.Single,NOENUM
01-Sep-2022 13:29:59.000,01-Sep-2022 18:29:59.000,1/1/0001 12:00:00 AM,1/1/0001 12:00:00 AM,GOOD,60.43125,TIT-WB33001-001/I.PV#Value,System.Single,NOENUM
01-Sep-2022 13:30:00.000,01-Sep-2022 18:30:00.000,1/1/0001 12:00:00 AM,1/1/0001 12:00:00 AM,GOOD,60.42313,TIT-WB33001-001/I.PV#Value,System.Single,NOENUM
01-Sep-2022 13:30:01.000,01-Sep-2022 18:30:01.000,1/1/0001 12:00:00 AM,1/1/0001 12:00:00 AM,GOOD,60.40688,TIT-WB33001-001/I.PV#Value,System.Single,NOENUM
01-Sep-2022 13:30:02.000,01-Sep-2022 18:30:02.000,1/1/0001 12:00:00 AM,1/1/0001 12:00:00 AM,GOOD,60.35812,TIT-WB33001-001/I.PV#Value,System.Single,NOENUM
01-Sep-2022 13:30:03.000,01-Sep-2022 18:30:03.000,1/1/0001 12:00:00 AM,1/1/0001 12:00:00 AM,GOOD,60.3175,TIT-WB33001-001/I.PV#Value,System.Single,NOENUM
01-Sep-2022 13:30:04.000,01-Sep-2022 18:30:04.000,1/1/0001 12:00:00 AM,1/1/0001 12:00:00 AM,GOOD,60.285,TIT-WB33001-001/I.PV#Value,System.Single,NOENUM
01-Sep-2022 13:30:05.000,01-Sep-2022 18:30:05.000,1/1/0001 12:00:00 AM,1/1/0001 12:00:00 AM,GOOD,60.2525,TIT-WB33001-001/I.PV#Value,System.Single,NOENUM
01-Sep-2022 13:30:06.000,01-Sep-2022 18:30:06.000,1/1/0001 12:00:00 AM,1/1/0001 12:00:00 AM,GOOD,60.1875,TIT-WB33001-001/I.PV#Value,System.Single,NOENUM
01-Sep-2022 13:30:07.000,01-Sep-2022 18:30:07.000,1/1/0001 12:00:00 AM,1/1/0001 12:00:00 AM,GOOD,60.09,TIT-WB33001-001/I.PV#Value,System.Single,NOENUM
01-Sep-2022 13:30:08.000,01-Sep-2022 18:30:08.000,1/1/0001 12:00:00 AM,1/1/0001 12:00:00 AM,GOOD,60.04937,TIT-WB33001-001/I.PV#Value,System.Single,NOENUM
01-Sep-2022 13:30:09.000,01-Sep-2022 18:30:09.000,1/1/0001 12:00:00 AM,1/1/0001 12:00:00 AM,GOOD,59.9925,TIT-WB33001-001/I.PV#Value,System.Single,NOENUM
01-Sep-2022 13:30:10.000,01-Sep-2022 18:30:10.000,1/1/0001 12:00:00 AM,1/1/0001 12:00:00 AM,GOOD,59.93562,TIT-WB33001-001/I.PV#Value,System.Single,NOENUM
01-Sep-2022 13:30:11.000,01-Sep-2022 18:30:11.000,1/1/0001 12:00:00 AM,1/1/0001 12:00:00 AM,GOOD,59.84625,TIT-WB33001-001/I.PV#Value,System.Single,NOENUM
01-Sep-2022 13:30:12.000,01-Sep-2022 18:30:12.000,1/1/0001 12:00:00 AM,1/1/0001 12:00:00 AM,GOOD,59.7975,TIT-WB33001-001/I.PV#Value,System.Single,NOENUM
01-Sep-2022 13:30:13.000,01-Sep-2022 18:30:13.000,1/1/0001 12:00:00 AM,1/1/0001 12:00:00 AM,GOOD,59.7325,TIT-WB33001-001/I.PV#Value,System.Single,NOENUM
01-Sep-2022 13:30:14.000,01-Sep-2022 18:30:14.000,1/1/0001 12:00:00 AM,1/1/0001 12:00:00 AM,GOOD,59.65937,TIT-WB33001-001/I.PV#Value,System.Single,NOENUM
01-Sep-2022 13:30:15.000,01-Sep-2022 18:30:15.000,1/1/0001 12:00:00 AM,1/1/0001 12:00:00 AM,GOOD,59.61063,TIT-WB33001-001/I.PV#Value,System.Single,NOENUM
01-Sep-2022 13:30:16.000,01-Sep-2022 18:30:16.000,1/1/0001 12:00:00 AM,1/1/0001 12:00:00 AM,GOOD,59.52937,TIT-WB33001-001/I.PV#Value,System.Single,NOENUM
01-Sep-2022 13:30:17.000,01-Sep-2022 18:30:17.000,1/1/0001 12:00:00 AM,1/1/0001 12:00:00 AM,GOOD,59.39938,TIT-WB33001-001/I.PV#Value,System.Single,NOENUM
01-Sep-2022 13:30:18.000,01-Sep-2022 18:30:18.000,1/1/0001 12:00:00 AM,1/1/0001 12:00:00 AM,GOOD,59.32625,TIT-WB33001-001/I.PV#Value,System.Single,NOENUM
01-Sep-2022 13:30:19.000,01-Sep-2022 18:30:19.000,1/1/0001 12:00:00 AM,1/1/0001 12:00:00 AM,GOOD,59.245,TIT-WB33001-001/I.PV#Value,System.Single,NOENUM
01-Sep-2022 13:30:20.000,01-Sep-2022 18:30:20.000,1/1/0001 12:00:00 AM,1/1/0001 12:00:00 AM,GOOD,59.17188,TIT-WB33001-001/I.PV#Value,System.Single,NOENUM
01-Sep-2022 13:30:21.000,01-Sep-2022 18:30:21.000,1/1/0001 12:00:00 AM,1/1/0001 12:00:00 AM,GOOD,59.10688,TIT-WB33001-001/I.PV#Value,System.Single,NOENUM
01-Sep-2022 13:30:22.000,01-Sep-2022 18:30:22.000,1/1/0001 12:00:00 AM,1/1/0001 12:00:00 AM,GOOD,59.04187,TIT-WB33001-001/I.PV#Value,System.Single,NOENUM
01-Sep-2022 13:30:23.000,01-Sep-2022 18:30:23.000,1/1/0001 12:00:00 AM,1/1/0001 12:00:00 AM,GOOD,59.00938,TIT-WB33001-001/I.PV#Value,System.Single,NOENUM
01-Sep-2022 13:30:24.000,01-Sep-2022 18:30:24.000,1/1/0001 12:00:00 AM,1/1/0001 12:00:00 AM,GOOD,58.99313,TIT-WB33001-001/I.PV#Value,System.Single,NOENUM
01-Sep-2022 13:30:26.000,01-Sep-2022 18:30:26.000,1/1/0001 12:00:00 AM,1/1/0001 12:00:00 AM,GOOD,58.97688,TIT-WB33001-001/I.PV#Value,System.Single,NOENUM
01-Sep-2022 13:30:27.000,01-Sep-2022 18:30:27.000,1/1/0001 12:00:00 AM,1/1/0001 12:00:00 AM,GOOD,58.985,TIT-WB33001-001/I.PV#Value,System.Single,NOENUM
01-Sep-2022 13:30:28.000,01-Sep-2022 18:30:28.000,1/1/0001 12:00:00 AM,1/1/0001 12:00:00 AM,GOOD,58.99313,TIT-WB33001-001/I.PV#Value,System.Single,NOENUM
01-Sep-2022 13:30:30.000,01-Sep-2022 18:30:30.000,1/1/0001 12:00:00 AM,1/1/0001 12:00:00 AM,GOOD,58.97688,TIT-WB33001-001/I.PV#Value,System.Single,NOENUM
01-Sep-2022 13:30:31.000,01-Sep-2022 18:30:31.000,1/1/0001 12:00:00 AM,1/1/0001 12:00:00 AM,GOOD,58.985,TIT-WB33001-001/I.PV#Value,System.Single,NOENUM
01-Sep-2022 13:30:32.000,01-Sep-2022 18:30:32.000,1/1/0001 12:00:00 AM,1/1/0001 12:00:00 AM,GOOD,58.94437,TIT-WB33001-001/I.PV#Value,System.Single,NOENUM
01-Sep-2022 13:30:33.000,01-Sep-2022 18:30:33.000,1/1/0001 12:00:00 AM,1/1/0001 12:00:00 AM,GOOD,58.92812,TIT-WB33001-001/I.PV#Value,System.Single,NOENUM
01-Sep-2022 13:30:34.000,01-Sep-2022 18:30:34.000,1/1/0001 12:00:00 AM,1/1/0001 12:00:00 AM,GOOD,58.92,TIT-WB33001-001/I.PV#Value,System.Single,NOENUM
01-Sep-2022 13:30:35.000,01-Sep-2022 18:30:35.000,1/1/0001 12:00:00 AM,1/1/0001 12:00:00 AM,GOOD,58.89563,TIT-WB33001-001/I.PV#Value,System.Single,NOENUM
01-Sep-2022 13:30:36.000,01-Sep-2022 18:30:36.000,1/1/0001 12:00:00 AM,1/1/0001 12:00:00 AM,GOOD,58.87938,TIT-WB33001-001/I.PV#Value,System.Single,NOENUM
01-Sep-2022 13:30:37.000,01-Sep-2022 18:30:37.000,1/1/0001 12:00:00 AM,1/1/0001 12:00:00 AM,GOOD,58.84687,TIT-WB33001-001/I.PV#Value,System.Single,NOENUM
01-Sep-2022 13:30:38.000,01-Sep-2022 18:30:38.000,1/1/0001 12:00:00 AM,1/1/0001 12:00:00 AM,GOOD,58.83875,TIT-WB33001-001/I.PV#Value,System.Single,NOENUM
01-Sep-2022 13:30:39.000,01-Sep-2022 18:30:39.000,1/1/0001 12:00:00 AM,1/1/0001 12:00:00 AM,GOOD,58.84687,TIT-WB33001-001/I.PV#Value,System.Single,NOENUM
01-Sep-2022 13:30:41.000,01-Sep-2022 18:30:41.000,1/1/0001 12:00:00 AM,1/1/0001 12:00:00 AM,GOOD,58.86312,TIT-WB33001-001/I.PV#Value,System.Single,NOENUM
01-Sep-2022 13:30:42.000,01-Sep-2022 18:30:42.000,1/1/0001 12:00:00 AM,1/1/0001 12:00:00 AM,GOOD,58.855,TIT-WB33001-001/I.PV#Value,System.Single,NOENUM
01-Sep-2022 13:30:43.000,01-Sep-2022 18:30:43.000,1/1/0001 12:00:00 AM,1/1/0001 12:00:00 AM,GOOD,58.84687,TIT-WB33001-001/I.PV#Value,System.Single,NOENUM
01-Sep-2022 13:30:44.000,01-Sep-2022 18:30:44.000,1/1/0001 12:00:00 AM,1/1/0001 12:00:00 AM,GOOD,58.855,TIT-WB33001-001/I.PV#Value,System.Single,NOENUM
01-Sep-2022 13:30:45.000,01-Sep-2022 18:30:45.000,1/1/0001 12:00:00 AM,1/1/0001 12:00:00 AM,GOOD,58.83875,TIT-WB33001-001/I.PV#Value,System.Single,NOENUM
01-Sep-2022 13:30:47.000,01-Sep-2022 18:30:47.000,1/1/0001 12:00:00 AM,1/1/0001 12:00:00 AM,GOOD,58.83062,TIT-WB33001-001/I.PV#Value,System.Single,NOENUM
01-Sep-2022 13:30:48.000,01-Sep-2022 18:30:48.000,1/1/0001 12:00:00 AM,1/1/0001 12:00:00 AM,GOOD,58.84687,TIT-WB33001-001/I.PV#Value,System.Single,NOENUM
01-Sep-2022 13:30:49.000,01-Sep-2022 18:30:49.000,1/1/0001 12:00:00 AM,1/1/0001 12:00:00 AM,GOOD,58.83062,TIT-WB33001-001/I.PV#Value,System.Single,NOENUM
01-Sep-2022 13:30:50.000,01-Sep-2022 18:30:50.000,1/1/0001 12:00:00 AM,1/1/0001 12:00:00 AM,GOOD,58.84687,TIT-WB33001-001/I.PV#Value,System.Single,NOENUM
01-Sep-2022 13:30:51.000,01-Sep-2022 18:30:51.000,1/1/0001 12:00:00 AM,1/1/0001 12:00:00 AM,GOOD,58.855,TIT-WB33001-001/I.PV#Value,System.Single,NOENUM
01-Sep-2022 13:30:52.000,01-Sep-2022 18:30:52.000,1/1/0001 12:00:00 AM,1/1/0001 12:00:00 AM,GOOD,58.86312,TIT-WB33001-001/I.PV#Value,System.Single,NOENUM
01-Sep-2022 13:30:53.000,01-Sep-2022 18:30:53.000,1/1/0001 12:00:00 AM,1/1/0001 12:00:00 AM,GOOD,58.87938,TIT-WB33001-001/I.PV#Value,System.Single,NOENUM
01-Sep-2022 13:30:55.000,01-Sep-2022 18:30:55.000,1/1/0001 12:00:00 AM,1/1/0001 12:00:00 AM,GOOD,58.8875,TIT-WB33001-001/I.PV#Value,System.Single,NOENUM
01-Sep-2022 13:30:56.000,01-Sep-2022 18:30:56.000,1/1/0001 12:00:00 AM,1/1/0001 12:00:00 AM,GOOD,58.92,TIT-WB33001-001/I.PV#Value,System.Single,NOENUM
01-Sep-2022 13:30:57.000,01-Sep-2022 18:30:57.000,1/1/0001 12:00:00 AM,1/1/0001 12:00:00 AM,GOOD,58.92812,TIT-WB33001-001/I.PV#Value,System.Single,NOENUM
01-Sep-2022 13:30:58.000,01-Sep-2022 18:30:58.000,1/1/0001 12:00:00 AM,1/1/0001 12:00:00 AM,GOOD,58.96875,TIT-WB33001-001/I.PV#Value,System.Single,NOENUM
01-Sep-2022 13:30:59.000,01-Sep-2022 18:30:59.000,1/1/0001 12:00:00 AM,1/1/0001 12:00:00 AM,GOOD,58.9525,TIT-WB33001-001/I.PV#Value,System.Single,NOENUM
01-Sep-2022 13:31:00.000,01-Sep-2022 18:31:00.000,1/1/0001 12:00:00 AM,1/1/0001 12:00:00 AM,GOOD,58.96875,TIT-WB33001-001/I.PV#Value,System.Single,NOENUM
01-Sep-2022 13:31:02.000,01-Sep-2022 18:31:02.000,1/1/0001 12:00:00 AM,1/1/0001 12:00:00 AM,GOOD,58.97688,TIT-WB33001-001/I.PV#Value,System.Single,NOENUM
01-Sep-2022 13:31:03.000,01-Sep-2022 18:31:03.000,1/1/0001 12:00:00 AM,1/1/0001 12:00:00 AM,GOOD,58.96875,TIT-WB33001-001/I.PV#Value,System.Single,NOENUM
01-Sep-2022 13:31:04.000,01-Sep-2022 18:31:04.000,1/1/0001 12:00:00 AM,1/1/0001 12:00:00 AM,GOOD,58.93625,TIT-WB33001-001/I.PV#Value,System.Single,NOENUM
01-Sep-2022 13:31:05.000,01-Sep-2022 18:31:05.000,1/1/0001 12:00:00 AM,1/1/0001 12:00:00 AM,GOOD,58.96062,TIT-WB33001-001/I.PV#Value,System.Single,NOENUM
01-Sep-2022 13:31:06.000,01-Sep-2022 18:31:06.000,1/1/0001 12:00:00 AM,1/1/0001 12:00:00 AM,GOOD,58.96875,TIT-WB33001-001/I.PV#Value,System.Single,NOENUM
01-Sep-2022 13:31:07.000,01-Sep-2022 18:31:07.000,1/1/0001 12:00:00 AM,1/1/0001 12:00:00 AM,GOOD,58.985,TIT-WB33001-001/I.PV#Value,System.Single,NOENUM
01-Sep-2022 13:31:09.000,01-Sep-2022 18:31:09.000,1/1/0001 12:00:00 AM,1/1/0001 12:00:00 AM,GOOD,59.0175,TIT-WB33001-001/I.PV#Value,System.Single,NOENUM
01-Sep-2022 13:31:10.000,01-Sep-2022 18:31:10.000,1/1/0001 12:00:00 AM,1/1/0001 12:00:00 AM,GOOD,59.03375,TIT-WB33001-001/I.PV#Value,System.Single,NOENUM
01-Sep-2022 13:31:11.000,01-Sep-2022 18:31:11.000,1/1/0001 12:00:00 AM,1/1/0001 12:00:00 AM,GOOD,59.07438,TIT-WB33001-001/I.PV#Value,System.Single,NOENUM
01-Sep-2022 13:31:14.000,01-Sep-2022 18:31:14.000,1/1/0001 12:00:00 AM,1/1/0001 12:00:00 AM,GOOD,59.09063,TIT-WB33001-001/I.PV#Value,System.Single,NOENUM
01-Sep-2022 13:31:15.000,01-Sep-2022 18:31:15.000,1/1/0001 12:00:00 AM,1/1/0001 12:00:00 AM,GOOD,59.0825,TIT-WB33001-001/I.PV#Value,System.Single,NOENUM
01-Sep-2022 13:31:17.000,01-Sep-2022 18:31:17.000,1/1/0001 12:00:00 AM,1/1/0001 12:00:00 AM,GOOD,59.09063,TIT-WB33001-001/I.PV#Value,System.Single,NOENUM
01-Sep-2022 13:31:18.000,01-Sep-2022 18:31:18.000,1/1/0001 12:00:00 AM,1/1/0001 12:00:00 AM,GOOD,59.0825,TIT-WB33001-001/I.PV#Value,System.Single,NOENUM
01-Sep-2022 13:31:19.000,01-Sep-2022 18:31:19.000,1/1/0001 12:00:00 AM,1/1/0001 12:00:00 AM,GOOD,59.09063,TIT-WB33001-001/I.PV#Value,System.Single,NOENUM
01-Sep-2022 13:31:20.000,01-Sep-2022 18:31:20.000,1/1/0001 12:00:00 AM,1/1/0001 12:00:00 AM,GOOD,59.0825,TIT-WB33001-001/I.PV#Value,System.Single,NOENUM
01-Sep-2022 13:31:21.000,01-Sep-2022 18:31:21.000,1/1/0001 12:00:00 AM,1/1/0001 12:00:00 AM,GOOD,59.05812,TIT-WB33001-001/I.PV#Value,System.Single,NOENUM
01-Sep-2022 13:31:22.000,01-Sep-2022 18:31:22.000,1/1/0001 12:00:00 AM,1/1/0001 12:00:00 AM,GOOD,59.09063,TIT-WB33001-001/I.PV#Value,System.Single,NOENUM
01-Sep-2022 13:31:23.000,01-Sep-2022 18:31:23.000,1/1/0001 12:00:00 AM,1/1/0001 12:00:00 AM,GOOD,59.09875,TIT-WB33001-001/I.PV#Value,System.Single,NOENUM
01-Sep-2022 13:31:26.000,01-Sep-2022 18:31:26.000,1/1/0001 12:00:00 AM,1/1/0001 12:00:00 AM,GOOD,59.09063,TIT-WB33001-001/I.PV#Value,System.Single,NOENUM
01-Sep-2022 13:31:28.000,01-Sep-2022 18:31:28.000,1/1/0001 12:00:00 AM,1/1/0001 12:00:00 AM,GOOD,59.0825,TIT-WB33001-001/I.PV#Value,System.Single,NOENUM
01-Sep-2022 13:31:29.000,01-Sep-2022 18:31:29.000,1/1/0001 12:00:00 AM,1/1/0001 12:00:00 AM,GOOD,59.05812,TIT-WB33001-001/I.PV#Value,System.Single,NOENUM
01-Sep-2022 13:31:30.000,01-Sep-2022 18:31:30.000,1/1/0001 12:00:00 AM,1/1/0001 12:00:00 AM,GOOD,59.04187,TIT-WB33001-001/I.PV#Value,System.Single,NOENUM
01-Sep-2022 13:31:31.000,01-Sep-2022 18:31:31.000,1/1/0001 12:00:00 AM,1/1/0001 12:00:00 AM,GOOD,59.05812,TIT-WB33001-001/I.PV#Value,System.Single,NOENUM
01-Sep-2022 13:31:32.000,01-Sep-2022 18:31:32.000,1/1/0001 12:00:00 AM,1/1/0001 12:00:00 AM,GOOD,59.06625,TIT-WB33001-001/I.PV#Value,System.Single,NOENUM
01-Sep-2022 13:31:33.000,01-Sep-2022 18:31:33.000,1/1/0001 12:00:00 AM,1/1/0001 12:00:00 AM,GOOD,59.0825,TIT-WB33001-001/I.PV#Value,System.Single,NOENUM
01-Sep-2022 13:31:34.000,01-Sep-2022 18:31:34.000,1/1/0001 12:00:00 AM,1/1/0001 12:00:00 AM,GOOD,59.09875,TIT-WB33001-001/I.PV#Value,System.Single,NOENUM
01-Sep-2022 13:31:35.000,01-Sep-2022 18:31:35.000,1/1/0001 12:00:00 AM,1/1/0001 12:00:00 AM,GOOD,59.13937,TIT-WB33001-001/I.PV#Value,System.Single,NOENUM
01-Sep-2022 13:31:36.000,01-Sep-2022 18:31:36.000,1/1/0001 12:00:00 AM,1/1/0001 12:00:00 AM,GOOD,59.15562,TIT-WB33001-001/I.PV#Value,System.Single,NOENUM
01-Sep-2022 13:31:37.000,01-Sep-2022 18:31:37.000,1/1/0001 12:00:00 AM,1/1/0001 12:00:00 AM,GOOD,59.17188,TIT-WB33001-001/I.PV#Value,System.Single,NOENUM
01-Sep-2022 13:31:38.000,01-Sep-2022 18:31:38.000,1/1/0001 12:00:00 AM,1/1/0001 12:00:00 AM,GOOD,59.2125,TIT-WB33001-001/I.PV#Value,System.Single,NOENUM
01-Sep-2022 13:31:41.000,01-Sep-2022 18:31:41.000,1/1/0001 12:00:00 AM,1/1/0001 12:00:00 AM,GOOD,59.20438,TIT-WB33001-001/I.PV#Value,System.Single,NOENUM
01-Sep-2022 13:31:43.000,01-Sep-2022 18:31:43.000,1/1/0001 12:00:00 AM,1/1/0001 12:00:00 AM,GOOD,59.18813,TIT-WB33001-001/I.PV#Value,System.Single,NOENUM
01-Sep-2022 13:31:44.000,01-Sep-2022 18:31:44.000,1/1/0001 12:00:00 AM,1/1/0001 12:00:00 AM,GOOD,59.19625,TIT-WB33001-001/I.PV#Value,System.Single,NOENUM
01-Sep-2022 13:31:45.000,01-Sep-2022 18:31:45.000,1/1/0001 12:00:00 AM,1/1/0001 12:00:00 AM,GOOD,59.17188,TIT-WB33001-001/I.PV#Value,System.Single,NOENUM
01-Sep-2022 13:31:47.000,01-Sep-2022 18:31:47.000,1/1/0001 12:00:00 AM,1/1/0001 12:00:00 AM,GOOD,59.18,TIT-WB33001-001/I.PV#Value,System.Single,NOENUM
01-Sep-2022 13:31:48.000,01-Sep-2022 18:31:48.000,1/1/0001 12:00:00 AM,1/1/0001 12:00:00 AM,GOOD,59.19625,TIT-WB33001-001/I.PV#Value,System.Single,NOENUM
01-Sep-2022 13:31:49.000,01-Sep-2022 18:31:49.000,1/1/0001 12:00:00 AM,1/1/0001 12:00:00 AM,GOOD,59.2125,TIT-WB33001-001/I.PV#Value,System.Single,NOENUM
01-Sep-2022 13:31:50.000,01-Sep-2022 18:31:50.000,1/1/0001 12:00:00 AM,1/1/0001 12:00:00 AM,GOOD,59.245,TIT-WB33001-001/I.PV#Value,System.Single,NOENUM
01-Sep-2022 13:31:51.000,01-Sep-2022 18:31:51.000,1/1/0001 12:00:00 AM,1/1/0001 12:00:00 AM,GOOD,59.26125,TIT-WB33001-001/I.PV#Value,System.Single,NOENUM
01-Sep-2022 13:31:52.000,01-Sep-2022 18:31:52.000,1/1/0001 12:00:00 AM,1/1/0001 12:00:00 AM,GOOD,59.28563,TIT-WB33001-001/I.PV#Value,System.Single,NOENUM
01-Sep-2022 13:31:53.000,01-Sep-2022 18:31:53.000,1/1/0001 12:00:00 AM,1/1/0001 12:00:00 AM,GOOD,59.2775,TIT-WB33001-001/I.PV#Value,System.Single,NOENUM
01-Sep-2022 13:31:54.000,01-Sep-2022 18:31:54.000,1/1/0001 12:00:00 AM,1/1/0001 12:00:00 AM,GOOD,59.26125,TIT-WB33001-001/I.PV#Value,System.Single,NOENUM
01-Sep-2022 13:31:55.000,01-Sep-2022 18:31:55.000,1/1/0001 12:00:00 AM,1/1/0001 12:00:00 AM,GOOD,59.29375,TIT-WB33001-001/I.PV#Value,System.Single,NOENUM
01-Sep-2022 13:31:56.000,01-Sep-2022 18:31:56.000,1/1/0001 12:00:00 AM,1/1/0001 12:00:00 AM,GOOD,59.25312,TIT-WB33001-001/I.PV#Value,System.Single,NOENUM
01-Sep-2022 13:31:57.000,01-Sep-2022 18:31:57.000,1/1/0001 12:00:00 AM,1/1/0001 12:00:00 AM,GOOD,59.22875,TIT-WB33001-001/I.PV#Value,System.Single,NOENUM
01-Sep-2022 13:31:58.000,01-Sep-2022 18:31:58.000,1/1/0001 12:00:00 AM,1/1/0001 12:00:00 AM,GOOD,59.2125,TIT-WB33001-001/I.PV#Value,System.Single,NOENUM
01-Sep-2022 13:32:00.000,01-Sep-2022 18:32:00.000,1/1/0001 12:00:00 AM,1/1/0001 12:00:00 AM,GOOD,59.22063,TIT-WB33001-001/I.PV#Value,System.Single,NOENUM
01-Sep-2022 13:32:01.000,01-Sep-2022 18:32:01.000,1/1/0001 12:00:00 AM,1/1/0001 12:00:00 AM,GOOD,59.245,TIT-WB33001-001/I.PV#Value,System.Single,NOENUM
01-Sep-2022 13:32:03.000,01-Sep-2022 18:32:03.000,1/1/0001 12:00:00 AM,1/1/0001 12:00:00 AM,GOOD,59.26937,TIT-WB33001-001/I.PV#Value,System.Single,NOENUM
01-Sep-2022 13:32:04.000,01-Sep-2022 18:32:04.000,1/1/0001 12:00:00 AM,1/1/0001 12:00:00 AM,GOOD,59.28563,TIT-WB33001-001/I.PV#Value,System.Single,NOENUM
01-Sep-2022 13:32:05.000,01-Sep-2022 18:32:05.000,1/1/0001 12:00:00 AM,1/1/0001 12:00:00 AM,GOOD,59.31813,TIT-WB33001-001/I.PV#Value,System.Single,NOENUM
01-Sep-2022 13:32:06.000,01-Sep-2022 18:32:06.000,1/1/0001 12:00:00 AM,1/1/0001 12:00:00 AM,GOOD,59.33437,TIT-WB33001-001/I.PV#Value,System.Single,NOENUM
01-Sep-2022 13:32:07.000,01-Sep-2022 18:32:07.000,1/1/0001 12:00:00 AM,1/1/0001 12:00:00 AM,GOOD,59.32625,TIT-WB33001-001/I.PV#Value,System.Single,NOENUM
01-Sep-2022 13:32:08.000,01-Sep-2022 18:32:08.000,1/1/0001 12:00:00 AM,1/1/0001 12:00:00 AM,GOOD,59.31813,TIT-WB33001-001/I.PV#Value,System.Single,NOENUM
01-Sep-2022 13:32:09.000,01-Sep-2022 18:32:09.000,1/1/0001 12:00:00 AM,1/1/0001 12:00:00 AM,GOOD,59.28563,TIT-WB33001-001/I.PV#Value,System.Single,NOENUM
01-Sep-2022 13:32:10.000,01-Sep-2022 18:32:10.000,1/1/0001 12:00:00 AM,1/1/0001 12:00:00 AM,GOOD,59.26125,TIT-WB33001-001/I.PV#Value,System.Single,NOENUM
01-Sep-2022 13:32:11.000,01-Sep-2022 18:32:11.000,1/1/0001 12:00:00 AM,1/1/0001 12:00:00 AM,GOOD,59.25312,TIT-WB33001-001/I.PV#Value,System.Single,NOENUM
01-Sep-2022 13:32:12.000,01-Sep-2022 18:32:12.000,1/1/0001 12:00:00 AM,1/1/0001 12:00:00 AM,GOOD,59.20438,TIT-WB33001-001/I.PV#Value,System.Single,NOENUM
01-Sep-2022 13:32:13.000,01-Sep-2022 18:32:13.000,1/1/0001 12:00:00 AM,1/1/0001 12:00:00 AM,GOOD,59.19625,TIT-WB33001-001/I.PV#Value,System.Single,NOENUM
01-Sep-2022 13:32:14.000,01-Sep-2022 18:32:14.000,1/1/0001 12:00:00 AM,1/1/0001 12:00:00 AM,GOOD,59.18,TIT-WB33001-001/I.PV#Value,System.Single,NOENUM
01-Sep-2022 13:32:17.000,01-Sep-2022 18:32:17.000,1/1/0001 12:00:00 AM,1/1/0001 12:00:00 AM,GOOD,59.17188,TIT-WB33001-001/I.PV#Value,System.Single,NOENUM
01-Sep-2022 13:32:18.000,01-Sep-2022 18:32:18.000,1/1/0001 12:00:00 AM,1/1/0001 12:00:00 AM,GOOD,59.2125,TIT-WB33001-001/I.PV#Value,System.Single,NOENUM
01-Sep-2022 13:32:19.000,01-Sep-2022 18:32:19.000,1/1/0001 12:00:00 AM,1/1/0001 12:00:00 AM,GOOD,59.22875,TIT-WB33001-001/I.PV#Value,System.Single,NOENUM
01-Sep-2022 13:32:20.000,01-Sep-2022 18:32:20.000,1/1/0001 12:00:00 AM,1/1/0001 12:00:00 AM,GOOD,59.26125,TIT-WB33001-001/I.PV#Value,System.Single,NOENUM
01-Sep-2022 13:32:21.000,01-Sep-2022 18:32:21.000,1/1/0001 12:00:00 AM,1/1/0001 12:00:00 AM,GOOD,59.25312,TIT-WB33001-001/I.PV#Value,System.Single,NOENUM
01-Sep-2022 13:32:22.000,01-Sep-2022 18:32:22.000,1/1/0001 12:00:00 AM,1/1/0001 12:00:00 AM,GOOD,59.26937,TIT-WB33001-001/I.PV#Value,System.Single,NOENUM
01-Sep-2022 13:32:23.000,01-Sep-2022 18:32:23.000,1/1/0001 12:00:00 AM,1/1/0001 12:00:00 AM,GOOD,59.26125,TIT-WB33001-001/I.PV#Value,System.Single,NOENUM
01-Sep-2022 13:32:25.000,01-Sep-2022 18:32:25.000,1/1/0001 12:00:00 AM,1/1/0001 12:00:00 AM,GOOD,59.25312,TIT-WB33001-001/I.PV#Value,System.Single,NOENUM
01-Sep-2022 13:32:26.000,01-Sep-2022 18:32:26.000,1/1/0001 12:00:00 AM,1/1/0001 12:00:00 AM,GOOD,59.23687,TIT-WB33001-001/I.PV#Value,System.Single,NOENUM
01-Sep-2022 13:32:28.000,01-Sep-2022 18:32:28.000,1/1/0001 12:00:00 AM,1/1/0001 12:00:00 AM,GOOD,59.245,TIT-WB33001-001/I.PV#Value,System.Single,NOENUM
01-Sep-2022 13:32:30.000,01-Sep-2022 18:32:30.000,1/1/0001 12:00:00 AM,1/1/0001 12:00:00 AM,GOOD,59.30188,TIT-WB33001-001/I.PV#Value,System.Single,NOENUM
01-Sep-2022 13:32:31.000,01-Sep-2022 18:32:31.000,1/1/0001 12:00:00 AM,1/1/0001 12:00:00 AM,GOOD,59.3425,TIT-WB33001-001/I.PV#Value,System.Single,NOENUM
01-Sep-2022 13:32:32.000,01-Sep-2022 18:32:32.000,1/1/0001 12:00:00 AM,1/1/0001 12:00:00 AM,GOOD,59.375,TIT-WB33001-001/I.PV#Value,System.Single,NOENUM
01-Sep-2022 13:32:33.000,01-Sep-2022 18:32:33.000,1/1/0001 12:00:00 AM,1/1/0001 12:00:00 AM,GOOD,59.41563,TIT-WB33001-001/I.PV#Value,System.Single,NOENUM
01-Sep-2022 13:32:34.000,01-Sep-2022 18:32:34.000,1/1/0001 12:00:00 AM,1/1/0001 12:00:00 AM,GOOD,59.42375,TIT-WB33001-001/I.PV#Value,System.Single,NOENUM
01-Sep-2022 13:32:35.000,01-Sep-2022 18:32:35.000,1/1/0001 12:00:00 AM,1/1/0001 12:00:00 AM,GOOD,59.46437,TIT-WB33001-001/I.PV#Value,System.Single,NOENUM
01-Sep-2022 13:32:36.000,01-Sep-2022 18:32:36.000,1/1/0001 12:00:00 AM,1/1/0001 12:00:00 AM,GOOD,59.44,TIT-WB33001-001/I.PV#Value,System.Single,NOENUM
01-Sep-2022 13:32:37.000,01-Sep-2022 18:32:37.000,1/1/0001 12:00:00 AM,1/1/0001 12:00:00 AM,GOOD,59.44812,TIT-WB33001-001/I.PV#Value,System.Single,NOENUM
01-Sep-2022 13:32:38.000,01-Sep-2022 18:32:38.000,1/1/0001 12:00:00 AM,1/1/0001 12:00:00 AM,GOOD,59.42375,TIT-WB33001-001/I.PV#Value,System.Single,NOENUM
01-Sep-2022 13:32:40.000,01-Sep-2022 18:32:40.000,1/1/0001 12:00:00 AM,1/1/0001 12:00:00 AM,GOOD,59.41563,TIT-WB33001-001/I.PV#Value,System.Single,NOENUM
01-Sep-2022 13:32:42.000,01-Sep-2022 18:32:42.000,1/1/0001 12:00:00 AM,1/1/0001 12:00:00 AM,GOOD,59.44,TIT-WB33001-001/I.PV#Value,System.Single,NOENUM
01-Sep-2022 13:32:44.000,01-Sep-2022 18:32:44.000,1/1/0001 12:00:00 AM,1/1/0001 12:00:00 AM,GOOD,59.48063,TIT-WB33001-001/I.PV#Value,System.Single,NOENUM
01-Sep-2022 13:32:45.000,01-Sep-2022 18:32:45.000,1/1/0001 12:00:00 AM,1/1/0001 12:00:00 AM,GOOD,59.52125,TIT-WB33001-001/I.PV#Value,System.Single,NOENUM
01-Sep-2022 13:32:46.000,01-Sep-2022 18:32:46.000,1/1/0001 12:00:00 AM,1/1/0001 12:00:00 AM,GOOD,59.55375,TIT-WB33001-001/I.PV#Value,System.Single,NOENUM
01-Sep-2022 13:32:47.000,01-Sep-2022 18:32:47.000,1/1/0001 12:00:00 AM,1/1/0001 12:00:00 AM,GOOD,59.57,TIT-WB33001-001/I.PV#Value,System.Single,NOENUM
01-Sep-2022 13:32:48.000,01-Sep-2022 18:32:48.000,1/1/0001 12:00:00 AM,1/1/0001 12:00:00 AM,GOOD,59.61063,TIT-WB33001-001/I.PV#Value,System.Single,NOENUM
01-Sep-2022 13:32:49.000,01-Sep-2022 18:32:49.000,1/1/0001 12:00:00 AM,1/1/0001 12:00:00 AM,GOOD,59.74062,TIT-WB33001-001/I.PV#Value,System.Single,NOENUM
01-Sep-2022 13:32:50.000,01-Sep-2022 18:32:50.000,1/1/0001 12:00:00 AM,1/1/0001 12:00:00 AM,GOOD,59.895,TIT-WB33001-001/I.PV#Value,System.Single,NOENUM
01-Sep-2022 13:32:51.000,01-Sep-2022 18:32:51.000,1/1/0001 12:00:00 AM,1/1/0001 12:00:00 AM,GOOD,60.04125,TIT-WB33001-001/I.PV#Value,System.Single,NOENUM
01-Sep-2022 13:32:52.000,01-Sep-2022 18:32:52.000,1/1/0001 12:00:00 AM,1/1/0001 12:00:00 AM,GOOD,60.14687,TIT-WB33001-001/I.PV#Value,System.Single,NOENUM
01-Sep-2022 13:32:53.000,01-Sep-2022 18:32:53.000,1/1/0001 12:00:00 AM,1/1/0001 12:00:00 AM,GOOD,60.30125,TIT-WB33001-001/I.PV#Value,System.Single,NOENUM
01-Sep-2022 13:32:54.000,01-Sep-2022 18:32:54.000,1/1/0001 12:00:00 AM,1/1/0001 12:00:00 AM,GOOD,60.47187,TIT-WB33001-001/I.PV#Value,System.Single,NOENUM
01-Sep-2022 13:32:55.000,01-Sep-2022 18:32:55.000,1/1/0001 12:00:00 AM,1/1/0001 12:00:00 AM,GOOD,60.60188,TIT-WB33001-001/I.PV#Value,System.Single,NOENUM
01-Sep-2022 13:32:56.000,01-Sep-2022 18:32:56.000,1/1/0001 12:00:00 AM,1/1/0001 12:00:00 AM,GOOD,60.69125,TIT-WB33001-001/I.PV#Value,System.Single,NOENUM
01-Sep-2022 13:32:57.000,01-Sep-2022 18:32:57.000,1/1/0001 12:00:00 AM,1/1/0001 12:00:00 AM,GOOD,60.82125,TIT-WB33001-001/I.PV#Value,System.Single,NOENUM
01-Sep-2022 13:32:58.000,01-Sep-2022 18:32:58.000,1/1/0001 12:00:00 AM,1/1/0001 12:00:00 AM,GOOD,60.86187,TIT-WB33001-001/I.PV#Value,System.Single,NOENUM
01-Sep-2022 13:32:59.000,01-Sep-2022 18:32:59.000,1/1/0001 12:00:00 AM,1/1/0001 12:00:00 AM,GOOD,60.94313,TIT-WB33001-001/I.PV#Value,System.Single,NOENUM
01-Sep-2022 13:33:00.000,01-Sep-2022 18:33:00.000,1/1/0001 12:00:00 AM,1/1/0001 12:00:00 AM,GOOD,61.01625,TIT-WB33001-001/I.PV#Value,System.Single,NOENUM
01-Sep-2022 13:33:01.000,01-Sep-2022 18:33:01.000,1/1/0001 12:00:00 AM,1/1/0001 12:00:00 AM,GOOD,61.04875,TIT-WB33001-001/I.PV#Value,System.Single,NOENUM
01-Sep-2022 13:33:02.000,01-Sep-2022 18:33:02.000,1/1/0001 12:00:00 AM,1/1/0001 12:00:00 AM,GOOD,61.065,TIT-WB33001-001/I.PV#Value,System.Single,NOENUM
01-Sep-2022 13:33:03.000,01-Sep-2022 18:33:03.000,1/1/0001 12:00:00 AM,1/1/0001 12:00:00 AM,GOOD,61.08125,TIT-WB33001-001/I.PV#Value,System.Single,NOENUM
01-Sep-2022 13:33:04.000,01-Sep-2022 18:33:04.000,1/1/0001 12:00:00 AM,1/1/0001 12:00:00 AM,GOOD,61.05687,TIT-WB33001-001/I.PV#Value,System.Single,NOENUM
01-Sep-2022 13:33:06.000,01-Sep-2022 18:33:06.000,1/1/0001 12:00:00 AM,1/1/0001 12:00:00 AM,GOOD,61.04063,TIT-WB33001-001/I.PV#Value,System.Single,NOENUM
01-Sep-2022 13:33:08.000,01-Sep-2022 18:33:08.000,1/1/0001 12:00:00 AM,1/1/0001 12:00:00 AM,GOOD,61.05687,TIT-WB33001-001/I.PV#Value,System.Single,NOENUM
01-Sep-2022 13:33:09.000,01-Sep-2022 18:33:09.000,1/1/0001 12:00:00 AM,1/1/0001 12:00:00 AM,GOOD,61.065,TIT-WB33001-001/I.PV#Value,System.Single,NOENUM
01-Sep-2022 13:33:10.000,01-Sep-2022 18:33:10.000,1/1/0001 12:00:00 AM,1/1/0001 12:00:00 AM,GOOD,61.08937,TIT-WB33001-001/I.PV#Value,System.Single,NOENUM
01-Sep-2022 13:33:11.000,01-Sep-2022 18:33:11.000,1/1/0001 12:00:00 AM,1/1/0001 12:00:00 AM,GOOD,61.11375,TIT-WB33001-001/I.PV#Value,System.Single,NOENUM
01-Sep-2022 13:33:12.000,01-Sep-2022 18:33:12.000,1/1/0001 12:00:00 AM,1/1/0001 12:00:00 AM,GOOD,61.15437,TIT-WB33001-001/I.PV#Value,System.Single,NOENUM
01-Sep-2022 13:33:13.000,01-Sep-2022 18:33:13.000,1/1/0001 12:00:00 AM,1/1/0001 12:00:00 AM,GOOD,61.17062,TIT-WB33001-001/I.PV#Value,System.Single,NOENUM
01-Sep-2022 13:33:14.000,01-Sep-2022 18:33:14.000,1/1/0001 12:00:00 AM,1/1/0001 12:00:00 AM,GOOD,61.20313,TIT-WB33001-001/I.PV#Value,System.Single,NOENUM
01-Sep-2022 13:33:16.000,01-Sep-2022 18:33:16.000,1/1/0001 12:00:00 AM,1/1/0001 12:00:00 AM,GOOD,61.17875,TIT-WB33001-001/I.PV#Value,System.Single,NOENUM
01-Sep-2022 13:33:18.000,01-Sep-2022 18:33:18.000,1/1/0001 12:00:00 AM,1/1/0001 12:00:00 AM,GOOD,61.14625,TIT-WB33001-001/I.PV#Value,System.Single,NOENUM
01-Sep-2022 13:33:19.000,01-Sep-2022 18:33:19.000,1/1/0001 12:00:00 AM,1/1/0001 12:00:00 AM,GOOD,61.13813,TIT-WB33001-001/I.PV#Value,System.Single,NOENUM
01-Sep-2022 13:33:20.000,01-Sep-2022 18:33:20.000,1/1/0001 12:00:00 AM,1/1/0001 12:00:00 AM,GOOD,61.13,TIT-WB33001-001/I.PV#Value,System.Single,NOENUM
01-Sep-2022 13:33:21.000,01-Sep-2022 18:33:21.000,1/1/0001 12:00:00 AM,1/1/0001 12:00:00 AM,GOOD,61.0975,TIT-WB33001-001/I.PV#Value,System.Single,NOENUM
01-Sep-2022 13:33:22.000,01-Sep-2022 18:33:22.000,1/1/0001 12:00:00 AM,1/1/0001 12:00:00 AM,GOOD,61.13813,TIT-WB33001-001/I.PV#Value,System.Single,NOENUM
01-Sep-2022 13:33:23.000,01-Sep-2022 18:33:23.000,1/1/0001 12:00:00 AM,1/1/0001 12:00:00 AM,GOOD,61.10563,TIT-WB33001-001/I.PV#Value,System.Single,NOENUM
01-Sep-2022 13:33:24.000,01-Sep-2022 18:33:24.000,1/1/0001 12:00:00 AM,1/1/0001 12:00:00 AM,GOOD,61.11375,TIT-WB33001-001/I.PV#Value,System.Single,NOENUM
01-Sep-2022 13:33:25.000,01-Sep-2022 18:33:25.000,1/1/0001 12:00:00 AM,1/1/0001 12:00:00 AM,GOOD,61.10563,TIT-WB33001-001/I.PV#Value,System.Single,NOENUM
01-Sep-2022 13:33:26.000,01-Sep-2022 18:33:26.000,1/1/0001 12:00:00 AM,1/1/0001 12:00:00 AM,GOOD,61.11375,TIT-WB33001-001/I.PV#Value,System.Single,NOENUM
01-Sep-2022 13:33:28.000,01-Sep-2022 18:33:28.000,1/1/0001 12:00:00 AM,1/1/0001 12:00:00 AM,GOOD,61.12188,TIT-WB33001-001/I.PV#Value,System.Single,NOENUM
01-Sep-2022 13:33:29.000,01-Sep-2022 18:33:29.000,1/1/0001 12:00:00 AM,1/1/0001 12:00:00 AM,GOOD,61.15437,TIT-WB33001-001/I.PV#Value,System.Single,NOENUM
01-Sep-2022 13:33:30.000,01-Sep-2022 18:33:30.000,1/1/0001 12:00:00 AM,1/1/0001 12:00:00 AM,GOOD,61.17062,TIT-WB33001-001/I.PV#Value,System.Single,NOENUM
01-Sep-2022 13:33:31.000,01-Sep-2022 18:33:31.000,1/1/0001 12:00:00 AM,1/1/0001 12:00:00 AM,GOOD,61.1625,TIT-WB33001-001/I.PV#Value,System.Single,NOENUM
01-Sep-2022 13:33:32.000,01-Sep-2022 18:33:32.000,1/1/0001 12:00:00 AM,1/1/0001 12:00:00 AM,GOOD,61.17875,TIT-WB33001-001/I.PV#Value,System.Single,NOENUM
01-Sep-2022 13:33:33.000,01-Sep-2022 18:33:33.000,1/1/0001 12:00:00 AM,1/1/0001 12:00:00 AM,GOOD,61.17062,TIT-WB33001-001/I.PV#Value,System.Single,NOENUM
01-Sep-2022 13:33:34.000,01-Sep-2022 18:33:34.000,1/1/0001 12:00:00 AM,1/1/0001 12:00:00 AM,GOOD,61.17875,TIT-WB33001-001/I.PV#Value,System.Single,NOENUM
01-Sep-2022 13:33:35.000,01-Sep-2022 18:33:35.000,1/1/0001 12:00:00 AM,1/1/0001 12:00:00 AM,GOOD,61.17062,TIT-WB33001-001/I.PV#Value,System.Single,NOENUM
01-Sep-2022 13:33:36.000,01-Sep-2022 18:33:36.000,1/1/0001 12:00:00 AM,1/1/0001 12:00:00 AM,GOOD,61.17875,TIT-WB33001-001/I.PV#Value,System.Single,NOENUM
01-Sep-2022 13:33:37.000,01-Sep-2022 18:33:37.000,1/1/0001 12:00:00 AM,1/1/0001 12:00:00 AM,GOOD,61.18687,TIT-WB33001-001/I.PV#Value,System.Single,NOENUM
01-Sep-2022 13:33:38.000,01-Sep-2022 18:33:38.000,1/1/0001 12:00:00 AM,1/1/0001 12:00:00 AM,GOOD,61.195,TIT-WB33001-001/I.PV#Value,System.Single,NOENUM
01-Sep-2022 13:33:39.000,01-Sep-2022 18:33:39.000,1/1/0001 12:00:00 AM,1/1/0001 12:00:00 AM,GOOD,61.21125,TIT-WB33001-001/I.PV#Value,System.Single,NOENUM
01-Sep-2022 13:33:41.000,01-Sep-2022 18:33:41.000,1/1/0001 12:00:00 AM,1/1/0001 12:00:00 AM,GOOD,61.25188,TIT-WB33001-001/I.PV#Value,System.Single,NOENUM
01-Sep-2022 13:33:42.000,01-Sep-2022 18:33:42.000,1/1/0001 12:00:00 AM,1/1/0001 12:00:00 AM,GOOD,61.26812,TIT-WB33001-001/I.PV#Value,System.Single,NOENUM
01-Sep-2022 13:33:43.000,01-Sep-2022 18:33:43.000,1/1/0001 12:00:00 AM,1/1/0001 12:00:00 AM,GOOD,61.30062,TIT-WB33001-001/I.PV#Value,System.Single,NOENUM
01-Sep-2022 13:33:44.000,01-Sep-2022 18:33:44.000,1/1/0001 12:00:00 AM,1/1/0001 12:00:00 AM,GOOD,61.3575,TIT-WB33001-001/I.PV#Value,System.Single,NOENUM
01-Sep-2022 13:33:45.000,01-Sep-2022 18:33:45.000,1/1/0001 12:00:00 AM,1/1/0001 12:00:00 AM,GOOD,61.34938,TIT-WB33001-001/I.PV#Value,System.Single,NOENUM
01-Sep-2022 13:33:46.000,01-Sep-2022 18:33:46.000,1/1/0001 12:00:00 AM,1/1/0001 12:00:00 AM,GOOD,61.33313,TIT-WB33001-001/I.PV#Value,System.Single,NOENUM
01-Sep-2022 13:33:47.000,01-Sep-2022 18:33:47.000,1/1/0001 12:00:00 AM,1/1/0001 12:00:00 AM,GOOD,61.2275,TIT-WB33001-001/I.PV#Value,System.Single,NOENUM
01-Sep-2022 13:33:48.000,01-Sep-2022 18:33:48.000,1/1/0001 12:00:00 AM,1/1/0001 12:00:00 AM,GOOD,61.17875,TIT-WB33001-001/I.PV#Value,System.Single,NOENUM
01-Sep-2022 13:33:49.000,01-Sep-2022 18:33:49.000,1/1/0001 12:00:00 AM,1/1/0001 12:00:00 AM,GOOD,61.1625,TIT-WB33001-001/I.PV#Value,System.Single,NOENUM
01-Sep-2022 13:33:50.000,01-Sep-2022 18:33:50.000,1/1/0001 12:00:00 AM,1/1/0001 12:00:00 AM,GOOD,61.17062,TIT-WB33001-001/I.PV#Value,System.Single,NOENUM
01-Sep-2022 13:33:51.000,01-Sep-2022 18:33:51.000,1/1/0001 12:00:00 AM,1/1/0001 12:00:00 AM,GOOD,61.15437,TIT-WB33001-001/I.PV#Value,System.Single,NOENUM
01-Sep-2022 13:33:54.000,01-Sep-2022 18:33:54.000,1/1/0001 12:00:00 AM,1/1/0001 12:00:00 AM,GOOD,61.1625,TIT-WB33001-001/I.PV#Value,System.Single,NOENUM
01-Sep-2022 13:33:55.000,01-Sep-2022 18:33:55.000,1/1/0001 12:00:00 AM,1/1/0001 12:00:00 AM,GOOD,61.20313,TIT-WB33001-001/I.PV#Value,System.Single,NOENUM
01-Sep-2022 13:33:56.000,01-Sep-2022 18:33:56.000,1/1/0001 12:00:00 AM,1/1/0001 12:00:00 AM,GOOD,61.21125,TIT-WB33001-001/I.PV#Value,System.Single,NOENUM
01-Sep-2022 13:33:57.000,01-Sep-2022 18:33:57.000,1/1/0001 12:00:00 AM,1/1/0001 12:00:00 AM,GOOD,61.21938,TIT-WB33001-001/I.PV#Value,System.Single,NOENUM
01-Sep-2022 13:33:58.000,01-Sep-2022 18:33:58.000,1/1/0001 12:00:00 AM,1/1/0001 12:00:00 AM,GOOD,61.195,TIT-WB33001-001/I.PV#Value,System.Single,NOENUM
01-Sep-2022 13:33:59.000,01-Sep-2022 18:33:59.000,1/1/0001 12:00:00 AM,1/1/0001 12:00:00 AM,GOOD,61.21125,TIT-WB33001-001/I.PV#Value,System.Single,NOENUM
01-Sep-2022 13:34:00.000,01-Sep-2022 18:34:00.000,1/1/0001 12:00:00 AM,1/1/0001 12:00:00 AM,GOOD,61.30875,TIT-WB33001-001/I.PV#Value,System.Single,NOENUM
01-Sep-2022 13:34:01.000,01-Sep-2022 18:34:01.000,1/1/0001 12:00:00 AM,1/1/0001 12:00:00 AM,GOOD,61.39812,TIT-WB33001-001/I.PV#Value,System.Single,NOENUM
01-Sep-2022 13:34:02.000,01-Sep-2022 18:34:02.000,1/1/0001 12:00:00 AM,1/1/0001 12:00:00 AM,GOOD,61.34125,TIT-WB33001-001/I.PV#Value,System.Single,NOENUM
01-Sep-2022 13:34:03.000,01-Sep-2022 18:34:03.000,1/1/0001 12:00:00 AM,1/1/0001 12:00:00 AM,GOOD,61.325,TIT-WB33001-001/I.PV#Value,System.Single,NOENUM
01-Sep-2022 13:34:04.000,01-Sep-2022 18:34:04.000,1/1/0001 12:00:00 AM,1/1/0001 12:00:00 AM,GOOD,61.34125,TIT-WB33001-001/I.PV#Value,System.Single,NOENUM
01-Sep-2022 13:34:05.000,01-Sep-2022 18:34:05.000,1/1/0001 12:00:00 AM,1/1/0001 12:00:00 AM,GOOD,61.39,TIT-WB33001-001/I.PV#Value,System.Single,NOENUM
01-Sep-2022 13:34:06.000,01-Sep-2022 18:34:06.000,1/1/0001 12:00:00 AM,1/1/0001 12:00:00 AM,GOOD,61.455,TIT-WB33001-001/I.PV#Value,System.Single,NOENUM
01-Sep-2022 13:34:07.000,01-Sep-2022 18:34:07.000,1/1/0001 12:00:00 AM,1/1/0001 12:00:00 AM,GOOD,61.4875,TIT-WB33001-001/I.PV#Value,System.Single,NOENUM
01-Sep-2022 13:34:08.000,01-Sep-2022 18:34:08.000,1/1/0001 12:00:00 AM,1/1/0001 12:00:00 AM,GOOD,61.52,TIT-WB33001-001/I.PV#Value,System.Single,NOENUM
01-Sep-2022 13:34:09.000,01-Sep-2022 18:34:09.000,1/1/0001 12:00:00 AM,1/1/0001 12:00:00 AM,GOOD,61.59312,TIT-WB33001-001/I.PV#Value,System.Single,NOENUM
01-Sep-2022 13:34:10.000,01-Sep-2022 18:34:10.000,1/1/0001 12:00:00 AM,1/1/0001 12:00:00 AM,GOOD,61.6175,TIT-WB33001-001/I.PV#Value,System.Single,NOENUM
01-Sep-2022 13:34:11.000,01-Sep-2022 18:34:11.000,1/1/0001 12:00:00 AM,1/1/0001 12:00:00 AM,GOOD,61.63375,TIT-WB33001-001/I.PV#Value,System.Single,NOENUM
01-Sep-2022 13:34:12.000,01-Sep-2022 18:34:12.000,1/1/0001 12:00:00 AM,1/1/0001 12:00:00 AM,GOOD,61.65,TIT-WB33001-001/I.PV#Value,System.Single,NOENUM
01-Sep-2022 13:34:13.000,01-Sep-2022 18:34:13.000,1/1/0001 12:00:00 AM,1/1/0001 12:00:00 AM,GOOD,61.64188,TIT-WB33001-001/I.PV#Value,System.Single,NOENUM
01-Sep-2022 13:34:14.000,01-Sep-2022 18:34:14.000,1/1/0001 12:00:00 AM,1/1/0001 12:00:00 AM,GOOD,61.63375,TIT-WB33001-001/I.PV#Value,System.Single,NOENUM
01-Sep-2022 13:34:15.000,01-Sep-2022 18:34:15.000,1/1/0001 12:00:00 AM,1/1/0001 12:00:00 AM,GOOD,61.6175,TIT-WB33001-001/I.PV#Value,System.Single,NOENUM
01-Sep-2022 13:34:16.000,01-Sep-2022 18:34:16.000,1/1/0001 12:00:00 AM,1/1/0001 12:00:00 AM,GOOD,61.60938,TIT-WB33001-001/I.PV#Value,System.Single,NOENUM
01-Sep-2022 13:34:17.000,01-Sep-2022 18:34:17.000,1/1/0001 12:00:00 AM,1/1/0001 12:00:00 AM,GOOD,61.585,TIT-WB33001-001/I.PV#Value,System.Single,NOENUM
01-Sep-2022 13:34:18.000,01-Sep-2022 18:34:18.000,1/1/0001 12:00:00 AM,1/1/0001 12:00:00 AM,GOOD,61.66625,TIT-WB33001-001/I.PV#Value,System.Single,NOENUM
01-Sep-2022 13:34:19.000,01-Sep-2022 18:34:19.000,1/1/0001 12:00:00 AM,1/1/0001 12:00:00 AM,GOOD,61.82875,TIT-WB33001-001/I.PV#Value,System.Single,NOENUM
01-Sep-2022 13:34:20.000,01-Sep-2022 18:34:20.000,1/1/0001 12:00:00 AM,1/1/0001 12:00:00 AM,GOOD,61.95063,TIT-WB33001-001/I.PV#Value,System.Single,NOENUM
01-Sep-2022 13:34:21.000,01-Sep-2022 18:34:21.000,1/1/0001 12:00:00 AM,1/1/0001 12:00:00 AM,GOOD,62.08875,TIT-WB33001-001/I.PV#Value,System.Single,NOENUM
01-Sep-2022 13:34:22.000,01-Sep-2022 18:34:22.000,1/1/0001 12:00:00 AM,1/1/0001 12:00:00 AM,GOOD,62.24313,TIT-WB33001-001/I.PV#Value,System.Single,NOENUM
01-Sep-2022 13:34:23.000,01-Sep-2022 18:34:23.000,1/1/0001 12:00:00 AM,1/1/0001 12:00:00 AM,GOOD,62.38937,TIT-WB33001-001/I.PV#Value,System.Single,NOENUM
01-Sep-2022 13:34:24.000,01-Sep-2022 18:34:24.000,1/1/0001 12:00:00 AM,1/1/0001 12:00:00 AM,GOOD,62.47875,TIT-WB33001-001/I.PV#Value,System.Single,NOENUM
01-Sep-2022 13:34:25.000,01-Sep-2022 18:34:25.000,1/1/0001 12:00:00 AM,1/1/0001 12:00:00 AM,GOOD,62.55188,TIT-WB33001-001/I.PV#Value,System.Single,NOENUM
01-Sep-2022 13:34:26.000,01-Sep-2022 18:34:26.000,1/1/0001 12:00:00 AM,1/1/0001 12:00:00 AM,GOOD,62.68187,TIT-WB33001-001/I.PV#Value,System.Single,NOENUM
01-Sep-2022 13:34:27.000,01-Sep-2022 18:34:27.000,1/1/0001 12:00:00 AM,1/1/0001 12:00:00 AM,GOOD,62.7225,TIT-WB33001-001/I.PV#Value,System.Single,NOENUM
01-Sep-2022 13:34:28.000,01-Sep-2022 18:34:28.000,1/1/0001 12:00:00 AM,1/1/0001 12:00:00 AM,GOOD,62.76313,TIT-WB33001-001/I.PV#Value,System.Single,NOENUM
01-Sep-2022 13:34:29.000,01-Sep-2022 18:34:29.000,1/1/0001 12:00:00 AM,1/1/0001 12:00:00 AM,GOOD,62.80375,TIT-WB33001-001/I.PV#Value,System.Single,NOENUM
01-Sep-2022 13:34:30.000,01-Sep-2022 18:34:30.000,1/1/0001 12:00:00 AM,1/1/0001 12:00:00 AM,GOOD,62.83625,TIT-WB33001-001/I.PV#Value,System.Single,NOENUM
01-Sep-2022 13:34:31.000,01-Sep-2022 18:34:31.000,1/1/0001 12:00:00 AM,1/1/0001 12:00:00 AM,GOOD,62.8525,TIT-WB33001-001/I.PV#Value,System.Single,NOENUM
01-Sep-2022 13:34:32.000,01-Sep-2022 18:34:32.000,1/1/0001 12:00:00 AM,1/1/0001 12:00:00 AM,GOOD,62.86875,TIT-WB33001-001/I.PV#Value,System.Single,NOENUM
01-Sep-2022 13:34:33.000,01-Sep-2022 18:34:33.000,1/1/0001 12:00:00 AM,1/1/0001 12:00:00 AM,GOOD,62.93375,TIT-WB33001-001/I.PV#Value,System.Single,NOENUM
01-Sep-2022 13:34:34.000,01-Sep-2022 18:34:34.000,1/1/0001 12:00:00 AM,1/1/0001 12:00:00 AM,GOOD,62.95,TIT-WB33001-001/I.PV#Value,System.Single,NOENUM
01-Sep-2022 13:34:35.000,01-Sep-2022 18:34:35.000,1/1/0001 12:00:00 AM,1/1/0001 12:00:00 AM,GOOD,62.95813,TIT-WB33001-001/I.PV#Value,System.Single,NOENUM
01-Sep-2022 13:34:36.000,01-Sep-2022 18:34:36.000,1/1/0001 12:00:00 AM,1/1/0001 12:00:00 AM,GOOD,62.97438,TIT-WB33001-001/I.PV#Value,System.Single,NOENUM
01-Sep-2022 13:34:37.000,01-Sep-2022 18:34:37.000,1/1/0001 12:00:00 AM,1/1/0001 12:00:00 AM,GOOD,62.96625,TIT-WB33001-001/I.PV#Value,System.Single,NOENUM
01-Sep-2022 13:34:38.000,01-Sep-2022 18:34:38.000,1/1/0001 12:00:00 AM,1/1/0001 12:00:00 AM,GOOD,62.9825,TIT-WB33001-001/I.PV#Value,System.Single,NOENUM
01-Sep-2022 13:34:39.000,01-Sep-2022 18:34:39.000,1/1/0001 12:00:00 AM,1/1/0001 12:00:00 AM,GOOD,62.97438,TIT-WB33001-001/I.PV#Value,System.Single,NOENUM
01-Sep-2022 13:34:40.000,01-Sep-2022 18:34:40.000,1/1/0001 12:00:00 AM,1/1/0001 12:00:00 AM,GOOD,62.9825,TIT-WB33001-001/I.PV#Value,System.Single,NOENUM
01-Sep-2022 13:34:41.000,01-Sep-2022 18:34:41.000,1/1/0001 12:00:00 AM,1/1/0001 12:00:00 AM,GOOD,62.95813,TIT-WB33001-001/I.PV#Value,System.Single,NOENUM
01-Sep-2022 13:34:42.000,01-Sep-2022 18:34:42.000,1/1/0001 12:00:00 AM,1/1/0001 12:00:00 AM,GOOD,62.90937,TIT-WB33001-001/I.PV#Value,System.Single,NOENUM
01-Sep-2022 13:34:43.000,01-Sep-2022 18:34:43.000,1/1/0001 12:00:00 AM,1/1/0001 12:00:00 AM,GOOD,62.9175,TIT-WB33001-001/I.PV#Value,System.Single,NOENUM
01-Sep-2022 13:34:44.000,01-Sep-2022 18:34:44.000,1/1/0001 12:00:00 AM,1/1/0001 12:00:00 AM,GOOD,62.87688,TIT-WB33001-001/I.PV#Value,System.Single,NOENUM
01-Sep-2022 13:34:45.000,01-Sep-2022 18:34:45.000,1/1/0001 12:00:00 AM,1/1/0001 12:00:00 AM,GOOD,62.86063,TIT-WB33001-001/I.PV#Value,System.Single,NOENUM
01-Sep-2022 13:34:46.000,01-Sep-2022 18:34:46.000,1/1/0001 12:00:00 AM,1/1/0001 12:00:00 AM,GOOD,62.8525,TIT-WB33001-001/I.PV#Value,System.Single,NOENUM
01-Sep-2022 13:34:48.000,01-Sep-2022 18:34:48.000,1/1/0001 12:00:00 AM,1/1/0001 12:00:00 AM,GOOD,62.83625,TIT-WB33001-001/I.PV#Value,System.Single,NOENUM
01-Sep-2022 13:34:50.000,01-Sep-2022 18:34:50.000,1/1/0001 12:00:00 AM,1/1/0001 12:00:00 AM,GOOD,62.82813,TIT-WB33001-001/I.PV#Value,System.Single,NOENUM
01-Sep-2022 13:34:51.000,01-Sep-2022 18:34:51.000,1/1/0001 12:00:00 AM,1/1/0001 12:00:00 AM,GOOD,62.81187,TIT-WB33001-001/I.PV#Value,System.Single,NOENUM
01-Sep-2022 13:34:52.000,01-Sep-2022 18:34:52.000,1/1/0001 12:00:00 AM,1/1/0001 12:00:00 AM,GOOD,62.7875,TIT-WB33001-001/I.PV#Value,System.Single,NOENUM
01-Sep-2022 13:34:53.000,01-Sep-2022 18:34:53.000,1/1/0001 12:00:00 AM,1/1/0001 12:00:00 AM,GOOD,62.7225,TIT-WB33001-001/I.PV#Value,System.Single,NOENUM
01-Sep-2022 13:34:54.000,01-Sep-2022 18:34:54.000,1/1/0001 12:00:00 AM,1/1/0001 12:00:00 AM,GOOD,62.67375,TIT-WB33001-001/I.PV#Value,System.Single,NOENUM
